Date,AAPL,MSFT,NVDA,GOOGL,META,DIS,AMZN,TSLA,WMT,KO,JPM,BAC,GS,XOM,CVX,JNJ,PFE,BA,CAT,UPS
2024-10-03,223.79788208007812,410.062255859375,122.52125549316406,164.70343017578125,578.9793701171875,91.4962387084961,181.9600067138672,240.66000366210938,78.98829650878906,66.68809509277344,196.9547119140625,37.547203063964844,467.1907653808594,114.97036743164062,139.20237731933594,152.04766845703125,24.746307373046875,150.52000427246094,381.5610046386719,115.34957885742188
2024-10-04,224.91851806640625,409.5897216796875,124.58570861816406,165.8950653076172,592.0636596679688,92.98159790039062,186.50999450683594,250.0800018310547,79.48916625976562,66.35711669921875,203.9453887939453,38.369895935058594,475.8983459472656,117.0806884765625,138.73301696777344,151.84873962402344,24.95587730407715,155.0,387.4147644042969,115.81727600097656
2024-10-07,219.85092163085938,403.171142578125,127.37821197509766,161.84352111816406,580.976318359375,90.28449249267578,180.8000030517578,240.8300018310547,77.68212890625,65.26014709472656,203.6653594970703,38.226402282714844,475.3793640136719,117.58716583251953,139.08270263671875,151.12875366210938,25.497257232666016,155.91000366210938,388.54656982421875,115.77314758300781
2024-10-08,223.8970489501953,408.2607116699219,132.53436279296875,163.23373413085938,589.0336303710938,90.40177154541016,182.72000122070312,244.5,78.28119659423828,65.42091369628906,203.49154663085938,38.19770431518555,477.2535095214844,114.4638900756836,136.9014892578125,151.28033447265625,25.479793548583984,154.64999389648438,378.50726318359375,115.56137084960938
2024-10-09,227.63577270507812,410.9679260253906,132.29501342773438,160.7313232421875,586.6690063476562,91.4669189453125,185.1699981689453,241.0500030517578,78.95883178710938,65.78972625732422,206.069580078125,38.44642639160156,485.528564453125,114.51077270507812,137.7298126220703,152.18978881835938,26.361719131469727,149.3699951171875,386.5367431640625,117.36149597167969
2024-10-10,227.13992309570312,409.3731384277344,134.44921875,160.94979858398438,580.0325317382812,90.87081909179688,186.64999389648438,238.77000427246094,78.18299102783203,65.48711395263672,205.5095672607422,38.235965728759766,484.1253662109375,115.49560546875,138.62254333496094,152.05715942382812,25.6195011138916,146.6199951171875,386.9757995605469,117.22030639648438
2024-10-11,225.6622772216797,409.8456726074219,134.4392547607422,162.10169982910156,586.1126708984375,91.9848403930664,188.82000732421875,217.8000030517578,78.66421508789062,65.78972625732422,214.63409423828125,40.13006591796875,496.21600341796875,115.93641662597656,139.35882568359375,152.95712280273438,25.46232795715332,151.02000427246094,392.2247009277344,118.77336120605469
2024-10-14,229.38116455078125,412.621826171875,137.7005157470703,163.80972290039062,586.57958984375,92.80569458007812,187.5399932861328,219.16000366210938,78.8508071899414,66.51788330078125,213.8519744873047,40.091800689697266,502.41510009765625,116.37725067138672,139.69017028808594,153.08975219726562,25.392471313476562,148.99000549316406,384.3513488769531,118.74690246582031
2024-10-15,231.91004943847656,412.2279968261719,131.2478485107422,164.3062286376953,582.4566650390625,92.07279205322266,187.69000244140625,219.57000732421875,80.18641662597656,66.51788330078125,214.73065185546875,40.31182098388672,502.0595397949219,112.87879943847656,135.96275329589844,155.45809936523438,25.70682144165039,152.35000610351562,378.5364990234375,118.06743621826172
2024-10-16,229.85719299316406,409.64874267578125,135.3568115234375,164.00831604003906,573.0382690429688,94.54513549804688,186.88999938964844,221.3300018310547,79.7641372680664,66.73538208007812,215.9376220703125,40.94319534301758,509.2485046386719,113.1695556640625,136.88307189941406,155.62863159179688,25.907655715942383,154.89999389648438,384.0294189453125,119.8675537109375
2024-10-17,230.22412109375,410.23944091796875,136.5635528564453,161.7938690185547,573.1774291992188,94.33992004394531,187.52999877929688,220.88999938964844,79.4400405883789,66.1017837524414,216.6907501220703,40.75186538696289,508.4220275878906,112.87879943847656,139.15635681152344,155.80859375,25.558382034301758,155.30999755859375,384.8781433105469,119.4881362915039
2024-10-18,233.0504913330078,411.65704345703125,137.63072204589844,162.28042602539062,572.7203369140625,95.06305694580078,188.99000549316406,220.6999969482422,79.85253143310547,66.6124496459961,217.60801696777344,40.484012603759766,507.94146728515625,112.55990600585938,138.74220275878906,156.4243621826172,25.514720916748047,155.0,384.2634582519531,119.94696044921875
2024-10-21,234.51821899414062,412.2674255371094,143.325439453125,162.92591857910156,571.4188232421875,94.41809844970703,189.07000732421875,218.85000610351562,79.36148071289062,65.67623901367188,215.3196563720703,39.94830322265625,497.65771484375,112.62555694580078,138.86184692382812,154.25494384765625,25.261493682861328,159.82000732421875,382.33465576171875,115.88785552978516
2024-10-22,233.90335083007812,420.8616943359375,143.2057342529297,163.9884490966797,578.224365234375,94.53536987304688,189.6999969482422,217.97000122070312,80.54978942871094,65.67623901367188,216.4010772705078,40.464881896972656,498.1382141113281,113.20706939697266,138.89865112304688,154.84231567382812,25.182905197143555,159.8800048828125,380.35675048828125,115.88785552978516
2024-10-23,228.84564208984375,417.9969177246094,139.18653869628906,161.64491271972656,560.0234375,94.04676055908203,184.7100067138672,213.64999389648438,81.77738952636719,64.31449127197266,215.71551513671875,40.50314712524414,497.08099365234375,112.80376434326172,138.4936981201172,157.1254119873047,25.20037078857422,157.05999755859375,377.6837158203125,115.95845031738281
2024-10-24,228.65724182128906,418.1249084472656,140.03428649902344,161.5853271484375,564.0868530273438,93.22589874267578,186.3800048828125,260.4800109863281,81.551513671875,63.643070220947266,217.23147583007812,40.79970169067383,504.0970153808594,112.16596984863281,138.46609497070312,155.0507354736328,25.008268356323242,155.1999969482422,378.9859313964844,122.0824203491211
2024-10-25,229.49029541015625,421.4916687011719,141.16122436523438,164.11753845214844,569.5213012695312,92.86432647705078,187.8300018310547,269.19000244140625,81.03101348876953,63.28371047973633,214.65341186523438,40.072669982910156,492.659912109375,112.07217407226562,138.7974395751953,152.4076690673828,24.842361450195312,155.00999450683594,377.9187316894531,121.27059936523438
2024-10-28,231.4637451171875,419.9559326171875,140.14395141601562,165.55743408203125,574.3994140625,94.0076675415039,188.38999938964844,262.510009765625,81.26670837402344,63.04729461669922,217.7335662841797,40.770999908447266,503.212890625,111.51881408691406,138.54893493652344,153.08975219726562,25.20037078857422,150.69000244140625,382.4619445800781,119.42633056640625
2024-10-29,231.7315216064453,425.2326354980469,140.8720245361328,168.49681091308594,589.4210815429688,93.93927001953125,190.8300018310547,259.5199890136719,80.23552703857422,61.99760818481445,215.2230987548828,40.684906005859375,503.88568115234375,109.99938201904297,136.68983459472656,151.65927124023438,24.851091384887695,152.97999572753906,379.42657470703125,118.5174560546875
2024-10-30,228.19113159179688,425.8035888671875,138.9670867919922,173.24346923828125,587.9505615234375,92.91320037841797,192.72999572753906,257.54998779296875,79.93108367919922,62.33805465698242,216.6811065673828,40.47445297241211,504.00091552734375,109.44600677490234,136.2572479248047,152.15187072753906,24.90348243713379,154.2899932861328,371.3290710449219,118.06743621826172
2024-10-31,224.03590393066406,400.0307312011719,132.40472412109375,169.91680908203125,563.8881225585938,94.0076675415039,186.39999389648438,249.85000610351562,80.48104858398438,61.761199951171875,214.27684020996094,40.005706787109375,497.6480407714844,109.53041076660156,136.9659423828125,151.44137573242188,24.711381912231445,149.30999755859375,368.3525390625,118.29686737060547
2024-11-01,221.06077575683594,403.98822021484375,135.0376434326172,170.09555053710938,563.470947265625,93.62655639648438,197.92999267578125,248.97999572753906,80.71674346923828,61.477500915527344,215.26173400878906,39.94830322265625,499.1473693847656,107.81402587890625,140.87742614746094,151.69715881347656,24.528011322021484,154.58999633789062,371.7109375,118.28804016113281
2024-11-04,220.16824340820312,402.1078796386719,135.6859130859375,168.0598602294922,557.0330810546875,93.60702514648438,195.77999877929688,242.83999633789062,80.97208404541016,61.57206344604492,212.21054077148438,39.53696823120117,491.57391357421875,111.24681854248047,141.70570373535156,149.9066925048828,24.239856719970703,155.07000732421875,368.6658630371094,117.36149597167969
2024-11-05,221.59629821777344,405.06121826171875,139.5355987548828,168.55636596679688,568.7066040039062,94.42786407470703,199.5,251.44000244140625,82.18003845214844,61.81794357299805,213.86166381835938,40.063106536865234,506.4613342285156,111.57508850097656,141.19032287597656,150.01089477539062,24.440689086914062,151.0,375.3729248046875,118.10272979736328
2024-11-06,220.87237548828125,413.6456298828125,145.22032165527344,175.2791748046875,568.3291015625,96.63636779785156,207.08999633789062,288.5299987792969,81.9443359375,60.23868179321289,238.55099487304688,43.43996047973633,572.7965087890625,113.48843383789062,145.15699768066406,149.56564331054688,23.890581130981445,147.16000366210938,408.1839904785156,118.17333221435547
2024-11-07,225.5928497314453,418.8139953613281,148.48159790039062,179.48959350585938,587.8513793945312,96.67545318603516,210.0500030517578,296.9100036621094,82.34699249267578,60.20085906982422,228.2388458251953,42.827728271484375,559.523681640625,113.62913513183594,144.28269958496094,148.4761962890625,23.9778995513916,150.97999572753906,399.69476318359375,118.37628173828125
2024-11-08,225.3248291015625,415.9689636230469,147.2349395751953,177.10633850097656,585.506591796875,96.76339721679688,208.17999267578125,321.2200012207031,83.30944061279297,60.44673156738281,228.81814575195312,43.17211151123047,566.3378295898438,113.59162139892578,144.42994689941406,147.28257751464844,23.694135665893555,151.67999267578125,385.1643371582031,116.8673324584961
2024-11-11,222.61448669433594,411.5093994140625,144.87127685546875,179.09239196777344,579.3768310546875,98.56147003173828,206.83999633789062,350.0,82.7005386352539,59.91716003417969,231.048583984375,44.080894470214844,578.9090576171875,112.99134063720703,144.0341796875,146.8751983642578,23.268491744995117,148.9600067138672,388.2682189941406,116.13493347167969
2024-11-12,222.61448669433594,416.45135498046875,147.89315795898438,180.35354614257812,581.0160522460938,98.68850708007812,208.91000366210938,328.489990234375,83.466552734375,59.76585006713867,231.309326171875,43.87044143676758,569.5382690429688,112.87879943847656,142.92054748535156,144.60162353515625,23.22415542602539,145.1699981689453,384.81182861328125,114.8377685546875
2024-11-13,223.49806213378906,418.5876159667969,145.8785858154297,177.6326446533203,576.2273559570312,100.37908172607422,214.10000610351562,330.239990234375,83.96741485595703,59.576717376708984,232.85423278808594,43.880008697509766,571.1048583984375,113.92926788330078,146.0773468017578,145.17002868652344,23.694135665893555,139.97000122070312,378.9957580566406,117.96154022216797
2024-11-14,226.57574462890625,420.25128173828125,146.3672637939453,174.35565185546875,573.4058837890625,106.63324737548828,211.47999572753906,311.17999267578125,82.95587921142578,59.15116500854492,233.53973388671875,43.9087028503418,565.7131958007812,114.00492095947266,148.91201782226562,143.87216186523438,23.073408126831055,138.13999938964844,379.2796936035156,117.0438232421875
2024-11-15,223.37892150878906,408.5461730957031,141.60003662109375,171.28720092773438,550.4759521484375,112.45741271972656,202.61000061035156,320.7200012207031,82.73983001708984,58.38519287109375,236.8612823486328,44.721832275390625,570.4513549804688,112.82288360595703,148.56228637695312,145.88998413085938,21.991565704345703,140.19000244140625,376.058349609375,118.30570220947266
2024-11-18,226.37718200683594,409.2944030761719,139.7749481201172,174.07760620117188,550.7938842773438,110.95250701904297,201.6999969482422,338.739990234375,82.57286834716797,58.4986686706543,236.59092712402344,44.69313049316406,565.1172485351562,113.76850891113281,149.46414184570312,146.61941528320312,22.044769287109375,143.8699951171875,376.440185546875,120.7085952758789
2024-11-19,226.63528442382812,411.2928466796875,146.6165771484375,176.8779296875,557.4403686523438,109.8580322265625,204.61000061035156,346.0,85.04769897460938,59.188995361328125,234.7177276611328,44.39657974243164,558.764404296875,112.17984771728516,148.38565063476562,144.942626953125,22.25758934020996,145.60000610351562,374.3546142578125,118.98455810546875
2024-11-20,227.35012817382812,409.028564453125,145.4995880126953,174.7528533935547,561.8414916992188,111.65609741210938,202.8800048828125,342.0299987792969,85.6173095703125,59.56726837158203,232.48728942871094,44.061763763427734,559.2930908203125,113.7779769897461,149.9940948486328,145.04685974121094,22.11570930480957,146.0800018310547,373.54193115234375,117.99303436279297
2024-11-21,226.87359619140625,407.2629089355469,146.2774658203125,166.46109008789062,559.4274291992188,112.1056137084961,198.3800048828125,339.6400146484375,86.80560302734375,60.2954216003418,236.3302001953125,44.44440460205078,572.92138671875,115.3004379272461,150.2729949951172,147.31097412109375,22.28419303894043,143.41000366210938,381.46319580078125,117.34986877441406
2024-11-22,228.21383666992188,411.3367919921875,141.57012939453125,163.611083984375,555.5031127929688,113.01441955566406,197.1199951171875,352.55999755859375,88.81886291503906,60.44673156738281,239.9896697998047,44.96098327636719,579.33203125,115.16803741455078,150.95172119140625,146.99835205078125,22.745304107666016,149.2899932861328,389.1983642578125,120.43168640136719
2024-11-25,231.19224548339844,413.1025085449219,135.656005859375,166.48095703125,561.4342041015625,113.3564453125,201.4499969482422,338.5899963378906,87.89570617675781,60.88173294067383,241.6697540283203,45.439292907714844,579.5722045898438,113.44700622558594,149.0922393798828,147.5762481689453,23.206418991088867,153.10000610351562,397.1881408691406,122.86139678955078
2024-11-26,233.366455078125,422.17755126953125,136.5535888671875,167.94068908691406,569.809326171875,112.81898498535156,207.86000061035156,338.2300109863281,89.67326354980469,61.04249954223633,241.36077880859375,45.67844772338867,581.9461059570312,111.55574035644531,151.10975646972656,147.55714416503906,22.85171890258789,150.75999450683594,399.3227233886719,120.5567398071289
2024-11-27,233.23739624023438,417.2454833984375,134.9778289794922,168.0499267578125,565.4976806640625,114.91998291015625,205.74000549316406,332.8900146484375,90.23304748535156,60.929019927978516,241.1869659423828,45.69758224487305,581.8787841796875,111.26260375976562,150.71926879882812,148.39749145507812,22.904922485351562,152.39999389648438,395.27886962890625,121.19989013671875
2024-11-29,235.62008666992188,417.7090759277344,137.8800048828125,167.77186584472656,570.5842895507812,114.7929458618164,207.88999938964844,345.1600036621094,90.84193420410156,61.05764389038086,241.119384765625,45.448856353759766,584.8966674804688,111.5462875366211,150.55194091796875,148.02505493164062,23.24188995361328,155.44000244140625,397.6385192871094,121.23562622070312
2024-12-02,237.86380004882812,425.1269836425781,138.259033203125,170.29417419433594,588.973876953125,114.49000549316406,210.7100067138672,357.0899963378906,90.97943878173828,60.64793395996094,237.76889038085938,44.99925231933594,581.1685180664062,111.4422607421875,150.812255859375,147.8245391845703,22.89605712890625,156.5399932861328,394.1136474609375,119.7170639038086
2024-12-03,240.90176391601562,425.34393310546875,139.8846435546875,170.1452178955078,609.6585083007812,113.79618072509766,213.44000244140625,351.4200134277344,91.8338394165039,60.52406311035156,236.38815307617188,44.78879165649414,581.52587890625,111.27206420898438,150.54261779785156,145.49447631835938,22.665498733520508,155.0,390.93145751953125,115.86703491210938
2024-12-04,241.25917053222656,431.47955322265625,144.7515869140625,173.15406799316406,609.7876586914062,114.32388305664062,218.16000366210938,357.92999267578125,92.7569808959961,59.275848388671875,235.01705932617188,44.35831832885742,578.2709350585938,108.0663833618164,147.19558715820312,143.6896514892578,22.37286949157715,158.27999877929688,391.1763000488281,115.03628540039062
2024-12-05,241.28897094726562,436.6088562011719,144.6817626953125,171.43614196777344,604.96923828125,113.84505462646484,220.5500030517578,369.489990234375,93.59175872802734,59.952354431152344,237.02542114257812,44.96098327636719,576.4262084960938,108.5391845703125,148.1345977783203,142.78244018554688,22.78964614868164,156.6699981689453,386.74078369140625,113.97327423095703
2024-12-06,241.09039306640625,437.54595947265625,142.068603515625,173.49172973632812,619.7127075195312,114.06981658935547,227.02999877929688,389.2200012207031,93.98457336425781,59.580753326416016,238.84066772460938,44.970603942871094,579.2078247070312,107.39498138427734,144.3319854736328,142.58192443847656,22.816246032714844,153.92999267578125,386.7896728515625,112.20459747314453
2024-12-09,244.97222900390625,439.962646484375,138.4480743408203,174.34669494628906,609.5790405273438,111.99813079833984,226.08999633789062,389.7900085449219,92.14810943603516,59.6474494934082,235.41293334960938,44.162574768066406,573.837646484375,106.76141357421875,146.04269409179688,142.85887145996094,23.144350051879883,157.0399932861328,390.93145751953125,114.8129653930664
2024-12-10,245.98489379882812,437.3092041015625,134.7178192138672,184.08950805664062,615.2916870117188,112.11538696289062,225.0399932861328,400.989990234375,92.8552017211914,59.942832946777344,234.4956512451172,44.008663177490234,565.0579833984375,106.54390716552734,145.9683380126953,142.50552368164062,22.67436408996582,164.10000610351562,380.2882385253906,116.3226089477539
2024-12-11,244.714111328125,442.8923645019531,138.94677734375,194.25982666015625,628.5646362304688,111.99813079833984,230.25999450683594,424.7699890136719,93.25784301757812,59.68556213378906,235.14259338378906,44.32610321044922,572.3308715820312,105.83470153808594,145.2338409423828,140.03224182128906,22.37286949157715,165.9600067138672,380.7582092285156,115.3399887084961
2024-12-12,246.1735382080078,443.4546203613281,136.98190307617188,190.83990478515625,626.6869506835938,112.28150939941406,228.97000122070312,418.1000061035156,92.40343475341797,60.82896423339844,233.2114715576172,44.32610321044922,571.413330078125,105.74012756347656,143.83924865722656,139.6502685546875,22.49701690673828,167.75,372.8369445800781,115.2149429321289
2024-12-13,246.34226989746094,441.19573974609375,133.89996337890625,188.71240234375,616.3148803710938,110.75706481933594,227.4600067138672,436.2300109863281,92.76565551757812,60.14292907714844,231.6762237548828,43.931705474853516,565.4925537109375,104.81340789794922,143.05825805664062,140.0131378173828,22.683231353759766,169.64999389648438,372.5725402832031,115.0184097290039
2024-12-16,249.2313232421875,445.4570617675781,131.65582275390625,195.51248168945312,620.6799926757812,110.04053497314453,232.92999267578125,463.0199890136719,93.37588500976562,59.59981155395508,231.32862854003906,43.739322662353516,566.3136596679688,102.572265625,138.8651580810547,137.3679656982422,22.390602111816406,173.1699981689453,371.0157775878906,114.8308334350586
2024-12-17,251.65374755859375,448.2880859375,130.05001831054688,194.27969360351562,615.9071655273438,110.9337387084961,231.14999389648438,479.8599853515625,93.91722869873047,60.40972137451172,230.15065002441406,43.335304260253906,555.0612182617188,102.13729095458984,137.7030029296875,139.81259155273438,23.43697738647461,173.02999877929688,367.9608154296875,113.73210144042969
2024-12-18,246.2628631591797,431.44989013671875,128.5738983154297,187.3006591796875,593.7840576171875,109.29456329345703,220.52000427246094,440.1300048828125,92.0766830444336,59.88565444946289,222.43582153320312,41.84430694580078,531.4652099609375,100.63374328613281,133.95616149902344,138.2273712158203,22.958126068115234,172.6199951171875,356.29931640625,110.60562133789062
2024-12-19,247.9903106689453,431.09478759765625,130.33924865722656,187.41000366210938,592.1734619140625,109.31420135498047,223.2899932861328,436.1700134277344,91.92903137207031,59.5045280456543,224.93661499023438,41.72886657714844,535.07763671875,99.7732162475586,131.23202514648438,137.11013793945312,22.85171890258789,177.0399932861328,352.8526916503906,109.56050109863281
2024-12-20,252.656494140625,430.670654296875,134.34878540039062,190.29310607910156,581.912353515625,109.96202087402344,224.9199981689453,421.05999755859375,90.78728485107422,59.59981155395508,229.4168243408203,42.488800048828125,546.774169921875,100.11363983154297,132.81259155273438,137.95999145507812,23.37490463256836,177.35000610351562,358.4044494628906,112.26712036132812
2024-12-23,253.4308624267578,429.3390197753906,139.3058319091797,193.49432373046875,596.428955078125,109.3436508178711,225.05999755859375,430.6000061035156,88.92707061767578,59.43783187866211,230.1796112060547,42.21945571899414,551.29443359375,100.52025604248047,132.9241485595703,138.7239532470703,23.685270309448242,177.69000244140625,357.76800537109375,112.32964324951172
2024-12-24,256.33978271484375,433.363525390625,139.85438537597656,194.96568298339844,604.283935546875,110.48223114013672,229.0500030517578,462.2799987792969,91.22036743164062,59.876129150390625,233.96456909179688,42.69080352783203,562.8944091796875,100.61483001708984,133.73301696777344,139.27781677246094,23.711870193481445,179.33999633789062,359.90252685546875,112.78522491455078
2024-12-26,257.15380859375,432.16009521484375,139.56515502929688,194.45867919921875,599.908935546875,110.47241973876953,227.0500030517578,454.1300048828125,91.3286361694336,59.61886978149414,234.76600646972656,42.85433578491211,561.3876953125,100.69993591308594,133.86317443847656,139.02000427246094,23.552255630493164,180.3800048828125,359.4619445800781,112.87454986572266
2024-12-27,253.74851989746094,424.68304443359375,136.6527557373047,191.63522338867188,596.38916015625,109.49088287353516,223.75,431.6600036621094,90.21644592285156,59.5045280456543,232.86387634277344,42.65232849121094,556.5100708007812,100.69048309326172,133.8817901611328,138.51388549804688,23.605459213256836,180.72000122070312,357.2490234375,112.65123748779297
2024-12-30,250.38294982910156,419.0604553222656,137.1315155029297,190.1240997314453,587.8680419921875,108.75472259521484,221.3000030517578,417.4100036621094,89.14360809326172,59.104331970214844,231.0775909423828,42.23869705200195,553.9698486328125,100.0096206665039,133.0171356201172,136.8809356689453,23.42810821533203,176.5500030517578,355.4376525878906,111.9455337524414
2024-12-31,248.61578369140625,415.77569580078125,133.93983459472656,188.1954345703125,582.1708374023438,109.29456329345703,219.38999938964844,403.8399963378906,88.92707061767578,59.323490142822266,231.4541473388672,42.27717590332031,553.0715942382812,101.72120666503906,134.66275024414062,138.10325622558594,23.525653839111328,177.0,355.1928405761719,112.64229583740234
2025-01-02,242.09312438964844,412.89532470703125,137.94937133789062,188.32464599609375,595.822509765625,108.77435302734375,220.22000122070312,379.2799987792969,88.58257293701172,58.92329406738281,231.73414611816406,42.6042366027832,555.34130859375,101.475341796875,136.40138244628906,137.53028869628906,23.596593856811523,171.8699951171875,352.2652282714844,110.6502914428711
2025-01-03,241.60662841796875,417.6006164550781,144.0933074951172,190.67088317871094,601.1817016601562,109.10807800292969,224.19000244140625,410.44000244140625,89.35028839111328,58.83753967285156,234.90118408203125,43.10444259643555,560.3251953125,101.99545288085938,137.4612579345703,137.692626953125,23.578859329223633,169.89999389648438,356.20135498046875,110.57882690429688
2025-01-06,243.23484802246094,422.0394592285156,149.04039001464844,195.72125244140625,626.6058959960938,109.00011444091797,227.61000061035156,411.04998779296875,89.99006652832031,57.94187545776367,233.7559356689453,43.67198944091797,563.4739990234375,101.8819808959961,136.91270446777344,137.18650817871094,23.844884872436523,170.77999877929688,356.6028137207031,110.95401000976562
2025-01-07,240.46495056152344,416.63385009765625,139.77459716796875,194.34930419921875,614.3661499023438,109.33383178710938,222.11000061035156,394.3599853515625,89.37982177734375,57.970462799072266,236.00759887695312,44.32610321044922,560.3156127929688,102.83705139160156,139.07899475097656,139.64071655273438,24.057706832885742,172.50999450683594,355.4278259277344,111.64183044433594
2025-01-08,240.95140075683594,418.79412841796875,139.74468994140625,192.8182830810547,607.2369384765625,107.73391723632812,222.1300048828125,394.94000244140625,90.35423278808594,58.79943084716797,235.96878051757812,44.45115280151367,560.218994140625,101.11601257324219,139.73910522460938,135.859130859375,23.818283081054688,171.75999450683594,353.5380859375,113.23186492919922
2025-01-10,235.1435546875,413.2603454589844,135.55564880371094,190.91943359375,612.34765625,106.6444091796875,218.94000244140625,394.739990234375,91.53533172607422,58.18961715698242,232.80479431152344,43.393028259277344,540.8824462890625,100.7472152709961,142.37953186035156,135.6586151123047,23.694135665893555,172.0,343.67822265625,110.12325286865234
2025-01-13,232.71121215820312,411.52423095703125,132.8826141357422,189.8954315185547,604.8605346679688,106.08493041992188,218.4600067138672,403.30999755859375,90.08848571777344,58.74225616455078,237.01698303222656,43.344932556152344,543.7318115234375,103.34769439697266,144.43426513671875,137.95999145507812,23.76507568359375,170.57000732421875,354.9382629394531,111.66863250732422
2025-01-14,231.5992889404297,410.0248718261719,131.41644287109375,188.5532989501953,590.8609619140625,106.12419128417969,217.75999450683594,396.3599853515625,89.36013793945312,59.11386489868164,240.18093872070312,44.03751754760742,552.0189208984375,103.75431060791016,145.8753662109375,138.2273712158203,23.419240951538086,167.02000427246094,363.81903076171875,112.41004943847656
2025-01-15,236.1562042236328,420.5203552246094,135.88479614257812,194.40895080566406,613.6004028320312,106.18309020996094,223.35000610351562,428.2200012207031,89.90147399902344,58.856597900390625,244.91722106933594,45.307281494140625,585.2348022460938,105.44699096679688,147.2048797607422,138.43748474121094,23.250755310058594,166.1999969482422,367.06982421875,113.86608123779297
2025-01-16,226.61544799804688,418.8138122558594,133.22177124023438,191.78436279296875,607.813720703125,104.49483489990234,220.66000366210938,413.82000732421875,89.86210632324219,59.313961029052734,246.78067016601562,44.86478805541992,592.0634765625,105.2673110961914,148.1811065673828,141.111328125,23.490182876586914,168.92999267578125,372.61175537109375,116.07247924804688
2025-01-17,228.32305908203125,423.20343017578125,137.3509521484375,194.85629272460938,609.2752075195312,105.04450225830078,225.94000244140625,426.5,90.49202728271484,59.752262115478516,251.52664184570312,44.758975982666016,604.5712890625,106.21294403076172,150.12425231933594,140.40464782714844,23.321697235107422,171.08999633789062,377.9676513671875,115.8848876953125
2025-01-21,221.03594970703125,422.68060302734375,140.4628143310547,196.89434814453125,612.9443359375,106.6934814453125,230.7100067138672,424.07000732421875,91.61407470703125,59.4759407043457,255.2826385498047,44.884029388427734,613.0708618164062,105.40917205810547,147.1212158203125,141.47418212890625,23.62319564819336,175.55999755859375,391.4801940917969,118.68977355957031
2025-01-22,222.21737670898438,440.1402282714844,146.68655395507812,197.21249389648438,619.9440307617188,106.80145263671875,235.00999450683594,415.1099853515625,91.76171112060547,58.866127014160156,255.0982208251953,44.047142028808594,611.1295166015625,103.57464599609375,145.41978454589844,138.7239532470703,23.064538955688477,174.8000030517578,390.7430725097656,118.40394592285156
2025-01-23,222.04859924316406,440.643310546875,146.8361358642578,196.82476806640625,632.8202514648438,108.99028778076172,235.4199981689453,412.3800048828125,92.33258056640625,58.6279182434082,258.1166687011719,44.624298095703125,617.66845703125,104.16093444824219,145.04786682128906,140.03224182128906,23.445844650268555,178.5,399.38128662109375,119.35079956054688
2025-01-24,221.1749267578125,438.0293273925781,142.24813842773438,199.04176330566406,643.7973022460938,110.0896224975586,234.85000610351562,406.5799865722656,93.26760864257812,58.99952697753906,257.039306640625,44.749351501464844,615.1571655273438,102.751953125,144.71316528320312,140.2041473388672,23.51795768737793,176.05999755859375,400.5900573730469,118.83271026611328
2025-01-27,228.20391845703125,428.6583557128906,118.11124420166016,190.69078063964844,656.1166381835938,111.24783325195312,235.4199981689453,397.1499938964844,95.86604309082031,60.857547760009766,258.0196228027344,45.29766082763672,611.6607666015625,104.17984008789062,146.18214416503906,146.0006103515625,24.212051391601562,175.16000366210938,388.1585693359375,121.71800231933594
2025-01-28,236.5433807373047,441.1266784667969,128.6536865234375,194.16041564941406,670.4841918945312,110.06999206542969,238.14999389648438,398.0899963378906,95.75776672363281,59.41876983642578,259.2715759277344,45.05717849731445,616.0264282226562,102.16565704345703,145.2338409423828,143.60369873046875,24.112892150878906,177.77999877929688,383.5495300292969,120.9676513671875
2025-01-29,237.63546752929688,436.3227844238281,123.37747192382812,194.269775390625,672.6318969726562,111.1006088256836,237.07000732421875,389.1000061035156,95.96446228027344,59.866607666015625,258.7280578613281,44.970603942871094,615.6207885742188,102.76139831542969,144.75038146972656,144.33900451660156,23.995708465576172,173.66000366210938,386.4388122558594,119.50267028808594
2025-01-30,235.87823486328125,409.3540954589844,124.32499694824219,199.69789123535156,683.0819091796875,111.33617401123047,234.63999938964844,400.2799987792969,97.09635162353516,61.0290641784668,260.3294677734375,44.94174575805664,623.65673828125,103.61247253417969,145.3361053466797,145.9814910888672,24.257118225097656,179.52999877929688,368.5039367675781,102.6375961303711
2025-01-31,234.29965209960938,409.42315673828125,119.7569351196289,202.8295440673828,685.24951171875,110.97300720214844,237.67999267578125,404.6000061035156,96.61408233642578,60.48594665527344,259.4268798828125,44.5377311706543,618.5377807617188,101.02144622802734,138.7071075439453,145.2939453125,23.905567169189453,176.52000427246094,365.02508544921875,102.03910064697266
2025-02-03,226.3672332763672,405.33941650390625,116.35582733154297,200.0557861328125,693.4822998046875,111.8956527709961,237.4199981689453,383.67999267578125,97.97233581542969,60.36207580566406,258.9513244628906,44.45115280151367,610.7818603515625,101.26730346679688,138.8465576171875,145.02655029296875,23.617116928100586,175.8699951171875,355.305908203125,99.41287231445312
2025-02-04,231.12274169921875,406.76971435546875,118.34063720703125,205.17575073242188,700.1739501953125,111.20857238769531,242.05999755859375,392.2099914550781,99.1829605102539,59.714149475097656,260.04803466796875,44.93212127685547,612.5300903320312,103.98126983642578,142.4539337158203,146.5735626220703,23.31964874267578,176.22999572753906,355.6990051269531,99.84162139892578
2025-02-05,230.7951202392578,407.6772155761719,124.5045394897461,190.2135772705078,700.8499755859375,108.49952697753906,236.1699981689453,378.1700134277344,100.8463363647461,60.14292907714844,262.46466064453125,45.31690216064453,623.4154052734375,103.90560913085938,142.2401123046875,147.719482421875,23.833454132080078,181.83999633789062,352.65252685546875,99.95775604248047
2025-02-06,231.53973388671875,410.1728210449219,128.34449768066406,190.4820098876953,707.929443359375,110.0208969116211,238.8300018310547,374.32000732421875,101.2302017211914,60.37160873413086,268.7441101074219,45.92292022705078,635.7493896484375,102.5344467163086,141.2266845703125,146.5926513671875,23.28359031677246,184.8000030517578,359.1385498046875,101.3602066040039
2025-02-07,225.98997497558594,404.1852722167969,129.50144958496094,184.25851440429688,710.4450073242188,108.81361389160156,229.14999389648438,361.6199951171875,99.5569839477539,60.82896423339844,267.676513671875,45.59585952758789,633.508544921875,102.96943664550781,141.89608764648438,146.22023010253906,23.202463150024414,181.49000549316406,357.59564208984375,101.03862762451172
2025-02-10,226.25833129882812,406.6217041015625,133.22177124023438,185.3819580078125,713.30859375,107.26277160644531,233.13999938964844,350.7300109863281,101.29911041259766,61.50547790527344,263.05670166015625,44.89364242553711,628.3218994140625,104.93634796142578,144.82476806640625,147.28977966308594,23.31964874267578,180.5500030517578,356.94708251953125,101.9765625
2025-02-11,231.19793701171875,405.852294921875,132.45375061035156,184.23866271972656,715.6948852539062,107.00757598876953,232.75999450683594,328.5,100.85619354248047,64.41161346435547,266.8903503417969,45.00907897949219,625.1441650390625,105.59828186035156,146.37741088867188,149.0946044921875,23.013166427612305,180.44000244140625,355.9742126464844,102.30707550048828
2025-02-12,235.42198181152344,403.48492431640625,130.79808044433594,182.53863525390625,721.2430419921875,107.21370697021484,228.92999267578125,336.510009765625,101.97824096679688,65.4692611694336,267.33685302734375,44.45115280151367,626.8441162109375,102.42117309570312,144.01588439941406,148.26377868652344,22.95907974243164,186.25,345.96014404296875,102.06590270996094
2025-02-13,240.05349731445312,404.96453857421875,134.93724060058594,185.05386352539062,724.4049682617188,107.56704711914062,230.3699951171875,355.94000244140625,103.39556121826172,66.22200012207031,268.1811828613281,44.566593170166016,626.7958374023438,103.16537475585938,144.92703247070312,150.16415405273438,23.112319946289062,185.44000244140625,347.5915222167969,103.29861450195312
2025-02-14,243.10470581054688,402.8831481933594,138.4879913330078,184.149169921875,732.4686279296875,108.34247589111328,228.67999267578125,355.8399963378906,102.40147399902344,65.62173461914062,268.4432373046875,45.172607421875,637.9998168945312,103.27031707763672,146.02688598632812,149.11370849609375,23.013166427612305,184.4199981689453,347.218017578125,103.81672668457031
2025-02-18,242.9755096435547,404.0767822265625,139.03652954101562,182.6976776123047,712.2843627929688,107.53761291503906,226.64999389648438,354.1099853515625,102.14556121826172,65.7932357788086,271.7043151855469,44.758975982666016,649.242431640625,105.08308410644531,146.79769897460938,149.1907196044922,23.040206909179688,184.97000122070312,347.88629150390625,104.57781219482422
2025-02-19,243.37306213378906,409.1370849609375,138.8669891357422,184.18893432617188,699.7562866210938,109.29456329345703,226.6300048828125,360.55999755859375,102.3620834350586,66.76512145996094,271.02490234375,44.25876235961914,645.3403930664062,105.23573303222656,147.80355834960938,151.98219299316406,23.337675094604492,186.14999389648438,346.903564453125,104.197265625
2025-02-20,244.3271942138672,411.3017272949219,139.74468994140625,183.4830780029297,690.8772583007812,108.50933837890625,222.8800048828125,354.3999938964844,95.67902374267578,66.7365493774414,258.94158935546875,43.57579040527344,620.3341674804688,106.8576889038086,149.27003479003906,153.7052001953125,23.346689224243164,180.8800048828125,343.12005615234375,105.64695739746094
2025-02-21,244.04891967773438,403.47357177734375,134.0795135498047,178.61166381835938,679.6516723632812,106.65422821044922,216.5800018310547,337.79998779296875,93.28729248046875,67.98475646972656,256.45703125,43.10444259643555,604.2429809570312,105.60784149169922,147.51217651367188,156.2271728515625,23.70725440979004,177.14999389648438,334.1673889160156,105.40232849121094
2025-02-24,245.5894317626953,399.3123779296875,129.94033813476562,178.2040557861328,664.319580078125,109.14733123779297,212.7100067138672,330.5299987792969,92.19477844238281,67.2605972290039,253.64244079589844,42.76776123046875,604.7644653320312,106.16119384765625,148.42401123046875,157.61329650878906,24.022750854492188,179.91000366210938,333.0667724609375,105.248291015625
2025-02-25,245.52980041503906,393.2831726074219,126.2998275756836,174.3964080810547,653.7501831054688,108.48970031738281,212.8000030517578,302.79998779296875,96.15147399902344,68.1181411743164,249.81846618652344,42.267555236816406,593.9179077148438,104.69190216064453,147.04214477539062,159.8753662109375,24.103879928588867,178.27000427246094,336.4472961425781,107.01512145996094
2025-02-26,238.89064025878906,395.09197998046875,130.9376983642578,171.7220916748047,669.85791015625,109.76571655273438,214.35000610351562,290.79998779296875,94.68492126464844,67.46070861816406,251.1675567626953,42.267555236816406,596.6802368164062,104.4343032836914,145.83888244628906,156.97799682617188,23.815425872802734,173.0399932861328,336.66351318359375,105.90971374511719
2025-02-27,235.84934997558594,387.9754943847656,119.83672332763672,167.51678466796875,654.4859008789062,109.25530242919922,208.74000549316406,281.95001220703125,95.2656478881836,67.52739715576172,251.4198760986328,42.44070053100586,587.2437744140625,105.09262084960938,147.27716064453125,157.6036834716797,23.5269718170166,173.8300018310547,334.1280517578125,106.5802001953125
2025-02-28,240.36160278320312,392.38372802734375,124.59429931640625,169.28639221191406,664.3890991210938,111.69934844970703,212.27999877929688,292.9800109863281,97.05697631835938,67.85136413574219,256.8549499511719,44.345340728759766,604.0263061523438,106.21843719482422,149.1102294921875,158.84539794921875,23.824440002441406,174.6300048828125,338.0098571777344,107.84870147705078
2025-03-03,236.57485961914062,383.98236083984375,113.76260375976562,166.0354766845703,651.314208984375,110.70799255371094,205.02000427246094,284.6499938964844,96.05303955078125,68.90899658203125,252.94363403320312,43.825897216796875,587.4961547851562,102.8123550415039,143.91177368164062,161.02084350585938,23.662185668945312,170.05999755859375,326.3055419921875,108.05709838867188
2025-03-04,234.4877166748047,384.1009521484375,115.68757629394531,169.9226837158203,636.3500366210938,106.99776458740234,203.8000030517578,272.0400085449219,93.47431182861328,66.87945556640625,242.8790740966797,41.045894622802734,564.0840454101562,102.60245513916016,142.8871307373047,159.23043823242188,23.211475372314453,158.89999389648438,321.10687255859375,105.81912231445312
2025-03-05,234.29888916015625,396.3669738769531,116.99415588378906,172.01040649414062,652.7260131835938,107.29222106933594,208.36000061035156,279.1000061035156,94.46841430664062,66.77466583251953,244.12136840820312,40.680355072021484,575.6638793945312,100.598876953125,141.7684783935547,158.941650390625,23.38274574279785,163.16000366210938,332.6441345214844,107.83963775634766
2025-03-06,233.89138793945312,392.2849426269531,110.28170776367188,171.34432983398438,624.3487548828125,103.48384857177734,200.6999969482422,263.45001220703125,93.14950561523438,67.1367416381836,239.2783203125,39.8819465637207,551.0093383789062,102.67878723144531,143.78016662597656,159.62509155273438,23.65317153930664,158.42999267578125,335.1206359863281,109.18061828613281
2025-03-07,237.60853576660156,388.7464599609375,112.39618682861328,172.84552001953125,622.091796875,103.5623779296875,199.25,262.6700134277344,90.27550506591797,68.06097412109375,235.143798828125,40.07555389404297,543.244140625,104.01449584960938,146.9669189453125,160.45291137695312,24.094863891601562,154.17999267578125,344.25018310546875,110.1954116821289
2025-03-10,226.08935546875,375.74908447265625,106.70106506347656,165.092041015625,594.5795288085938,101.17723083496094,194.5399932861328,222.14999389648438,86.4369125366211,68.08003234863281,225.38015747070312,38.555782318115234,516.0562744140625,106.6668701171875,148.12319946289062,161.4251251220703,24.013734817504883,148.14999389648438,339.2480773925781,109.28933715820312
2025-03-11,219.48995971679688,376.03570556640625,108.47642517089844,163.27064514160156,602.2555541992188,96.09284973144531,196.58999633789062,230.5800018310547,86.06290435791016,67.68937683105469,222.39085388183594,38.34281539916992,515.8330078125,104.1480712890625,144.84243774414062,159.6539764404297,23.42781639099121,154.05999755859375,333.90203857421875,105.42950439453125
2025-03-12,215.653564453125,378.8229675292969,115.44884490966797,166.3262481689453,616.0266723632812,96.93696594238281,198.88999938964844,248.08999633789062,83.8581771850586,66.6412582397461,221.1873779296875,38.63322067260742,519.9873657226562,104.11945343017578,143.5169677734375,156.75660705566406,23.1754207611084,158.8000030517578,332.2904052734375,104.43284606933594
2025-03-13,208.398193359375,374.3751525878906,115.28924560546875,161.9966278076172,587.2714233398438,95.08186340332031,193.88999938964844,240.67999267578125,83.16919708251953,66.33636474609375,218.5572052001953,38.40089416503906,509.4072265625,103.6805648803711,144.4005889892578,156.89137268066406,23.076263427734375,159.32000732421875,327.5535888671875,104.4056625366211
2025-03-14,212.1848907470703,384.05157470703125,121.36392211914062,164.71385192871094,604.6722412109375,96.81918334960938,197.9499969482422,249.97999572753906,84.00580596923828,66.38435363769531,225.59364318847656,39.58186721801758,525.52001953125,106.76227569580078,147.60618591308594,156.7180938720703,23.18443489074707,161.80999755859375,333.7743225097656,105.79194641113281
2025-03-17,212.69178771972656,384.1899719238281,119.22930908203125,163.5194549560547,601.9852905273438,97.52589416503906,195.74000549316406,238.00999450683594,86.08258056640625,67.30581665039062,227.0397491455078,40.11427307128906,535.15869140625,108.53688049316406,149.20423889160156,156.74697875976562,23.481901168823242,161.85000610351562,336.7225036621094,106.96981048583984
2025-03-18,211.38978576660156,379.0700378417969,115.1396255493164,159.9164276123047,579.5538330078125,97.51607513427734,192.82000732421875,225.30999755859375,84.24203491210938,66.59550476074219,228.04913330078125,40.31755447387695,535.5857543945312,108.42237854003906,151.1689453125,158.10423278808594,23.71626853942871,161.57000732421875,330.8948974609375,107.69466400146484
2025-03-19,213.92422485351562,383.3201599121094,117.224365234375,163.121337890625,581.2456665039062,98.43872833251953,195.5399932861328,235.86000061035156,84.97039031982422,66.4995346069336,232.0671844482422,40.85963439941406,540.9825439453125,110.11112213134766,154.21470642089844,156.89137268066406,23.626127243041992,172.6199951171875,332.77191162109375,106.43524169921875
2025-03-20,212.7911834716797,382.3515319824219,118.23182678222656,162.03646850585938,583.17626953125,97.03512573242188,194.9499969482422,236.25999450683594,84.45856475830078,66.91226959228516,231.97012329101562,41.12100601196289,546.1658325195312,110.57862854003906,154.8915252685547,156.9202423095703,23.60809898376465,172.8300018310547,330.4428405761719,105.99127197265625
2025-03-21,216.93568420410156,386.72027587890625,117.4039077758789,163.22088623046875,593.3770141601562,97.6240463256836,196.2100067138672,248.7100067138672,84.85828399658203,65.91400146484375,234.512939453125,41.11132049560547,548.5536499023438,110.19698333740234,154.8727264404297,157.50741577148438,23.689228057861328,178.11000061035156,329.98095703125,104.28787231445312
2025-03-24,219.38064575195312,388.5191345214844,121.1045913696289,166.89358520507812,615.8680419921875,98.33075714111328,203.25999450683594,278.3900146484375,86.34858703613281,66.18276977539062,240.7535858154297,41.69212341308594,563.0745239257812,110.48320007324219,155.1265411376953,157.18011474609375,23.56302833557129,180.89999389648438,335.76922607421875,104.92211151123047
2025-03-25,222.3822021484375,390.5749816894531,120.38638305664062,169.7600555419922,623.2921752929688,99.73436737060547,205.7100067138672,288.1400146484375,83.6541976928711,66.04839324951172,243.733154296875,41.895408630371094,568.7431640625,111.23693084716797,155.99136352539062,154.99505615234375,23.031192779541016,182.58999633789062,336.7028503417969,99.62163543701172
2025-03-26,220.1757354736328,385.4452209472656,113.47382354736328,164.28585815429688,608.0359497070312,98.919677734375,201.1300048828125,272.05999755859375,84.09833526611328,67.2098388671875,243.63609313964844,41.45012283325195,557.075927734375,112.83980560302734,157.89968872070312,155.66888427734375,22.72471046447754,178.5500030517578,335.2189025878906,100.58206176757812
2025-03-27,222.4815673828125,386.048095703125,111.14967346191406,161.4790802001953,599.6764526367188,98.59577178955078,201.36000061035156,273.1300048828125,84.51284790039062,67.90092468261719,240.81178283691406,41.198448181152344,542.51611328125,112.47724914550781,156.65879821777344,157.02613830566406,22.5444278717041,179.11000061035156,333.4401550292969,100.58206176757812
2025-03-28,216.5679473876953,374.40478515625,109.39411163330078,153.606201171875,573.9609375,96.25970458984375,192.72000122070312,263.54998779296875,84.03912353515625,67.5457992553711,235.69703674316406,39.93035125732422,527.1798706054688,112.3246078491211,156.13238525390625,157.58444213867188,22.72471046447754,173.30999755859375,323.9961242675781,99.35888671875
2025-03-31,220.77207946777344,371.034423828125,108.10736083984375,153.9147186279297,573.582763671875,96.8780746459961,190.25999450683594,259.1600036621094,86.64466857910156,68.74562072753906,238.0748748779297,40.39499282836914,530.2568359375,113.46949768066406,157.26043701171875,159.63473510742188,22.84189796447754,170.5500030517578,324.10418701171875,99.65787506103516
2025-04-01,221.82559204101562,377.7554626464844,109.87291717529297,156.33334350585938,583.17626953125,95.87691497802734,192.1699981689453,268.4599914550781,87.67110443115234,68.98558044433594,236.48318481445312,40.16267395019531,532.3534545898438,113.57444763183594,158.4073028564453,147.51580810546875,22.120763778686523,168.1699981689453,324.8609313964844,98.9964599609375
2025-04-02,222.5213165283203,377.7060852050781,110.14221954345703,156.303466796875,581.1163330078125,96.07320404052734,196.00999450683594,282.760009765625,88.58897399902344,68.46725463867188,238.57957458496094,40.51115417480469,546.5734252929688,113.22142791748047,156.48960876464844,149.54684448242188,22.26498794555664,168.55999755859375,328.88031005859375,99.8481674194336
2025-04-03,201.94786071777344,368.78082275390625,101.54391479492188,150.0131072998047,529.058349609375,87.20008087158203,178.41000366210938,267.2799987792969,86.12158966064453,70.24300384521484,221.95411682128906,36.02927780151367,496.225830078125,107.2679443359375,146.76011657714844,153.83998107910156,21.895410537719727,150.91000366210938,300.4794006347656,90.71504211425781
2025-04-04,187.22842407226562,355.6648254394531,94.07275390625,144.9171142578125,502.2979736328125,81.98809814453125,171.0,239.42999267578125,82.10468292236328,67.1234359741211,205.3434295654297,33.28981018066406,456.99212646484375,99.54938507080078,134.68991088867188,147.50621032714844,20.705537796020508,136.58999633789062,283.104736328125,88.53143310546875
2025-04-07,180.35069274902344,353.7077941894531,97.39437103271484,146.06173706054688,513.762451171875,81.7623519897461,175.25999450683594,233.2899932861328,82.73633575439453,65.62606048583984,209.40577697753906,34.44174575805664,451.84765625,98.21366119384766,131.74755859375,144.98422241210938,20.39905548095703,138.86000061035156,275.2232360839844,86.58338928222656
2025-04-08,171.365966796875,350.4460754394531,96.05775451660156,144.02134704589844,507.9903564453125,80.21151733398438,170.66000366210938,221.86000061035156,80.72295379638672,65.6740493774414,211.77871704101562,33.90933609008789,448.6542663574219,96.14328002929688,128.7206268310547,144.38742065429688,19.68693733215332,139.38999938964844,269.20892333984375,83.28533172607422
2025-04-09,197.63438415527344,385.9591979980469,114.04239654541016,157.9656219482422,582.9473876953125,89.75209045410156,191.10000610351562,272.20001220703125,88.4310531616211,67.14263916015625,228.83859252929688,35.961517333984375,501.7003173828125,100.94235229492188,137.2750244140625,145.32113647460938,20.272859573364258,160.82000732421875,295.81146240234375,90.29825592041016
2025-04-10,189.2559356689453,376.92523193359375,107.29939270019531,152.10324096679688,543.65771484375,83.65673065185547,181.22000122070312,252.39999389648438,89.42787170410156,67.92013549804688,221.77833557128906,34.703102111816406,475.4248046875,95.34185791015625,126.88753509521484,143.12643432617188,19.46158218383789,155.52000427246094,284.1661071777344,87.48945617675781
2025-04-11,196.9386749267578,383.9428405761719,110.65095520019531,156.40301513671875,540.9508056640625,83.32300567626953,184.8699951171875,252.30999755859375,91.58930969238281,68.563232421875,230.6549072265625,34.79990768432617,479.9286193847656,98.40447998046875,127.49856567382812,146.05267333984375,19.750038146972656,156.83999633789062,288.38201904296875,87.96061706542969
2025-04-14,201.28195190429688,383.310302734375,110.43150329589844,158.32395935058594,528.9190063476562,83.09725189208984,182.1199951171875,252.35000610351562,93.49412536621094,69.54230499267578,229.2096710205078,35.49687194824219,489.1885986328125,98.64299011230469,127.20714569091797,148.5842742919922,19.939334869384766,159.27999877929688,292.9713134765625,89.4012451171875
2025-04-15,200.90428161621094,381.2544250488281,111.9177474975586,155.57688903808594,519.0070190429688,83.44078826904297,179.58999633789062,254.11000061035156,92.7440414428711,68.97598266601562,227.65701293945312,36.77464294433594,492.98388671875,98.3663101196289,126.47389221191406,147.8719482421875,20.2277889251709,155.52000427246094,288.3623046875,87.43508911132812
2025-04-16,193.08241271972656,367.2981872558594,104.22714233398438,152.61087036132812,499.8895568847656,81.24213409423828,174.3300018310547,241.5500030517578,90.00031280517578,68.80321502685547,224.2196502685547,36.13575744628906,484.4033203125,99.4062728881836,127.24473571777344,148.15113830566406,19.86722183227539,156.47000122070312,285.1291809082031,85.35114288330078
2025-04-17,195.77581787109375,363.5126953125,101.23468780517578,150.45103454589844,499.0636291503906,83.24446868896484,172.61000061035156,241.3699951171875,92.00382995605469,70.07022094726562,226.5144805908203,36.21319580078125,494.53692626953125,102.01091766357422,129.60427856445312,151.57791137695312,19.95736312866211,161.89999389648438,289.1681823730469,87.37166595458984
2025-04-21,191.97918701171875,354.9531555175781,96.66622161865234,146.97740173339844,482.3246765136719,82.44943237304688,167.32000732421875,227.5,91.20439147949219,69.8494644165039,223.6142120361328,35.738868713378906,486.6455078125,100.51300048828125,125.71247863769531,151.04847717285156,19.86722183227539,159.33999633789062,281.1697692871094,87.20858001708984
2025-04-22,198.5189666748047,362.5638427734375,98.64122772216797,150.75958251953125,497.869384765625,84.50084686279297,173.17999267578125,237.97000122070312,93.61256408691406,70.93411254882812,230.05923461914062,37.094085693359375,504.7287902832031,103.32756042480469,129.06845092773438,151.84742736816406,20.308914184570312,162.52000427246094,287.5191650390625,87.7431411743164
2025-04-23,203.3492431640625,370.0460205078125,102.45161437988281,154.6214141845703,517.7631225585938,85.6786880493164,180.60000610351562,250.74000549316406,93.72112274169922,70.35820007324219,235.22506713867188,37.51033401489258,513.7752075195312,102.44026947021484,128.48561096191406,149.56613159179688,20.18271827697754,172.3699951171875,292.06146240234375,88.0783920288086
2025-04-24,207.09620666503906,382.80621337890625,106.16226196289062,158.53294372558594,530.5810546875,88.3484878540039,186.5399932861328,259.510009765625,94.58963775634766,69.6094970703125,238.89678955078125,38.313777923583984,529.3638916015625,103.64240264892578,130.73231506347656,149.1329345703125,20.534271240234375,176.25999450683594,303.01239013671875,89.62776947021484
2025-04-25,208.00064086914062,387.30340576171875,110.73074340820312,161.2003936767578,544.633056640625,88.6135025024414,188.99000549316406,284.95001220703125,93.84942626953125,69.02397918701172,237.83236694335938,38.42026138305664,528.868896484375,103.58516693115234,130.41268920898438,148.79605102539062,20.660465240478516,177.9499969482422,302.6075439453125,88.71265411376953
2025-04-28,208.85537719726562,386.6214294433594,108.45648193359375,159.85670471191406,547.091064453125,88.49571990966797,187.6999969482422,285.8800048828125,93.97773742675781,68.9087905883789,237.5101318359375,38.50737762451172,530.3637084960938,103.64240264892578,131.70057678222656,149.5372314453125,20.777652740478516,182.3000030517578,303.2098693847656,87.96967315673828
2025-04-29,209.91883850097656,389.4679870605469,108.74574279785156,159.40884399414062,551.7683715820312,89.48706817626953,187.38999938964844,292.0299987792969,94.78704833984375,69.4463119506836,238.87725830078125,38.710662841796875,532.8096313476562,103.38480377197266,130.9485321044922,150.0762939453125,21.444704055786133,182.0,303.545654296875,87.64348602294922
2025-04-30,211.2009735107422,390.673828125,108.64599609375,158.05520629882812,546.3546142578125,89.2711410522461,184.4199981689453,282.1600036621094,95.98124694824219,69.6382827758789,238.87725830078125,38.60417938232422,531.4797973632812,100.78015899658203,127.90277862548828,150.4613037109375,22.003578186035156,183.24000549316406,305.3921813964844,86.34781646728516
2025-05-01,212.01596069335938,420.464111328125,111.32923889160156,160.54348754882812,569.4528198242188,89.13372039794922,190.1999969482422,280.5199890136719,96.13916778564453,68.42886352539062,241.09397888183594,38.8848991394043,537.5755004882812,100.92326354980469,128.09078979492188,148.6805419921875,21.570898056030273,182.88999938964844,310.0234069824219,85.71356964111328
2025-05-02,204.09466552734375,430.2294921875,114.21196746826172,163.26068115234375,594.1432495117188,90.78270721435547,189.97999572753906,287.2099914550781,97.46167755126953,68.7744140625,246.58203125,39.756107330322266,549.4854736328125,101.3335189819336,130.19650268554688,150.27841186523438,21.814281463623047,185.4600067138672,319.6214599609375,87.34449005126953
2025-05-05,197.67416381835938,431.109130859375,113.53367614746094,163.43984985351562,596.38232421875,90.40972137451172,186.35000610351562,280.260009765625,98.03411865234375,68.82240295410156,246.63084411621094,39.80450439453125,543.1373901367188,98.52850341796875,127.37633514404297,149.2003173828125,21.516813278198242,186.4600067138672,319.05865478515625,86.58338928222656
2025-05-06,197.29647827148438,428.2823791503906,113.25438690185547,162.46441650390625,584.4800415039062,90.46862030029297,185.00999450683594,275.3500061035156,97.26429748535156,68.84159851074219,243.3985595703125,39.53346633911133,533.2366943359375,99.90239715576172,127.47038269042969,148.690185546875,20.624408721923828,185.9600067138672,316.86651611328125,84.99777221679688
2025-05-07,195.05029296875,428.3218688964844,116.7655258178711,150.67001342773438,593.9342041015625,100.20549774169922,188.7100067138672,276.2200012207031,97.54063415527344,69.49430847167969,243.53526306152344,39.62059020996094,535.7216186523438,99.80699157714844,127.64897155761719,151.41427612304688,20.543283462524414,185.55999755859375,316.2740478515625,85.1336898803711
2025-05-08,196.28271484375,433.08599853515625,117.07474517822266,153.55642700195312,595.1284790039062,103.1795654296875,192.0800018310547,284.82000732421875,96.15890502929688,68.31367492675781,247.51950073242188,40.26914978027344,549.0971069335938,101.19995880126953,128.82400512695312,149.83563232421875,20.705537796020508,191.6999969482422,320.1843566894531,87.84281921386719
2025-05-09,197.31634521484375,433.6394348144531,116.35655975341797,152.0335693359375,589.6350708007812,103.98443603515625,193.05999755859375,298.260009765625,95.68897247314453,67.68975830078125,247.13865661621094,40.45307922363281,550.4560546875,102.38301086425781,130.18710327148438,148.44952392578125,20.46670150756836,194.85000610351562,321.5372009277344,86.88240051269531
2025-05-12,209.776123046875,444.0472717285156,122.6905746459961,157.716796875,636.348876953125,108.450439453125,208.63999938964844,318.3800048828125,95.7186508178711,66.73948669433594,253.9449920654297,41.97285079956055,573.9846801757812,104.1480712890625,133.1294403076172,148.37249755859375,21.21077537536621,198.52999877929688,338.2548828125,91.70264434814453
2025-05-13,211.9058380126953,443.9287109375,129.60313415527344,158.78176879882812,652.868896484375,109.32401275634766,211.3699951171875,334.07000732421875,94.85791778564453,66.19236755371094,256.8355712890625,42.8634147644043,586.0886840820312,104.4343032836914,133.81568908691406,142.88580322265625,21.008682250976562,203.4199981689453,348.11962890625,90.43415832519531
2025-05-14,211.30873107910156,447.6846008300781,134.99954223632812,164.59442138671875,656.182861328125,110.85521697998047,210.25,347.67999267578125,95.79779815673828,66.38435363769531,259.4038391113281,43.30870056152344,593.650146484375,103.49930572509766,133.1764373779297,140.88363647460938,20.22785758972168,204.72000122070312,345.2757568359375,90.28919982910156
2025-05-15,210.43295288085938,448.6946105957031,134.49081420898438,163.19100952148438,640.7774658203125,110.14851379394531,205.1699981689453,342.82000732421875,95.3228988647461,68.73600769042969,261.2103576660156,42.9602165222168,597.8238525390625,104.54883575439453,133.73106384277344,144.01202392578125,20.760656356811523,206.24000549316406,345.42388916015625,90.92343139648438
2025-05-16,210.24388122558594,449.82342529296875,135.0593719482422,165.4105682373047,637.2545166015625,111.32636260986328,205.58999633789062,349.9800109863281,97.19276428222656,69.11036682128906,261.2787170410156,43.26029586791992,600.8619995117188,104.1733169555664,133.5806884765625,145.6676788330078,20.971935272216797,205.82000732421875,349.1465759277344,91.80232238769531
2025-05-19,207.7758026123047,454.37841796875,135.22897338867188,165.7589111328125,637.3441162109375,110.58039093017578,206.16000366210938,342.0899963378906,97.07403564453125,69.04317474365234,258.6616516113281,43.337738037109375,594.3294677734375,102.51716613769531,131.77284240722656,146.7842559814453,21.128101348876953,205.25,348.1492919921875,91.2773666381836
2025-05-20,205.8650360107422,453.685302734375,134.04197692871094,163.21090698242188,634.0301513671875,110.28591918945312,204.07000732421875,343.82000732421875,96.75746154785156,68.81281280517578,259.4428405761719,43.26029586791992,588.7191162109375,101.05359649658203,130.61199951171875,147.91049194335938,21.60577964782715,207.6699981689453,345.1078796386719,89.84065246582031
2025-05-21,201.11798095703125,448.1401062011719,131.46844482421875,167.76942443847656,632.4378051757812,108.4209976196289,201.1199951171875,334.6199951171875,95.40205383300781,68.96638488769531,254.91177368164062,41.866363525390625,576.04248046875,99.81149291992188,128.98492431640625,147.4484100341797,21.164844512939453,203.2100067138672,338.21539306640625,88.2750015258789
2025-05-22,200.39149475097656,450.40765380859375,132.495849609375,170.06858825683594,633.5026245117188,109.07862854003906,203.10000610351562,341.0400085449219,94.90737915039062,68.2848892211914,254.55047607421875,41.9244499206543,580.6724243164062,99.1471176147461,128.72801208496094,146.89976501464844,21.164844512939453,203.41000366210938,340.86181640625,89.3064956665039
2025-05-23,194.33079528808594,445.7734680175781,130.959716796875,167.6798553466797,624.0385131835938,107.69465637207031,200.99000549316406,339.3399963378906,95.31300354003906,68.88959503173828,254.58953857421875,41.81796646118164,580.9732666015625,99.20488739013672,129.9174041748047,147.2174072265625,21.422056198120117,202.36000061035156,339.0843811035156,87.83293914794922
2025-05-27,199.2470245361328,456.18060302734375,135.15914916992188,172.08908081054688,639.224853515625,110.28591918945312,206.02000427246094,362.8900146484375,96.539794921875,68.89918518066406,259.06201171875,42.805335998535156,597.6588745117188,99.67668914794922,131.14483642578125,148.7804412841797,21.688457489013672,201.02999877929688,347.1025695800781,89.84065246582031
2025-05-28,199.4560089111328,452.8831787109375,134.47085571289062,171.55162048339844,640.4788818359375,109.46143341064453,204.72000122070312,356.8999938964844,96.20342254638672,68.29447174072266,257.30426025390625,42.65045928955078,590.5828247070312,98.31904602050781,129.42262268066406,147.98435974121094,21.293453216552734,201.5,345.1078796386719,89.09466552734375
2025-05-29,198.98826599121094,454.1902770996094,138.83985900878906,171.053955078125,641.9417724609375,109.95219421386719,205.6999969482422,358.42999267578125,96.0649185180664,68.6208267211914,258.1636047363281,42.8246955871582,587.1077880859375,98.87750244140625,131.22096252441406,149.100830078125,21.54147720336914,208.17999267578125,347.3790588378906,90.3471908569336
2025-05-30,199.88394165039062,455.85382080078125,134.79006958007812,170.9345245361328,644.3700561523438,110.95337677001953,205.00999450683594,346.4599914550781,97.66764068603516,69.20635223388672,257.80230712890625,42.71821975708008,585.732421875,98.50199890136719,130.06964111328125,150.68328857421875,21.57822036743164,207.32000732421875,343.66619873046875,89.83143615722656
2025-06-02,200.7298583984375,457.4480895996094,137.03440856933594,168.23724365234375,667.667236328125,110.86502838134766,206.64999389648438,342.69000244140625,98.7064437866211,69.11036682128906,258.4468078613281,42.66981887817383,584.0448608398438,99.2241439819336,131.15432739257812,150.86773681640625,21.550662994384766,211.47000122070312,340.3483581542969,89.6656723022461
2025-06-03,202.29229736328125,458.43829345703125,140.86474609375,165.4005889892578,663.6367797851562,111.5030288696289,205.7100067138672,344.2699890136719,98.91421508789062,68.30406951904297,260.0189514160156,43.22158432006836,589.0296630859375,99.94629669189453,132.78140258789062,149.91632080078125,21.449615478515625,213.42999267578125,345.01898193359375,90.32877349853516
2025-06-04,201.84446716308594,459.3294677734375,141.56298828125,167.26182556152344,684.6350708007812,111.39506530761719,207.22999572753906,332.04998779296875,98.29092407226562,68.50564575195312,258.01708984375,42.94085693359375,584.5228881835938,98.50199890136719,130.70713806152344,148.75131225585938,21.486360549926758,211.97999572753906,344.94989013671875,90.76162719726562
2025-06-05,199.6649932861328,463.1021423339844,139.63783264160156,167.42108154296875,681.3211059570312,110.4527816772461,207.91000366210938,284.70001220703125,96.9157485961914,68.0641098022461,255.8004150390625,42.9602165222168,591.0293579101562,98.0494384765625,130.2599334716797,149.1785125732422,21.23833465576172,209.02000427246094,344.58453369140625,89.21439361572266
2025-06-06,202.93917846679688,465.7757263183594,141.36351013183594,172.86538696289062,694.3480224609375,111.79750061035156,213.57000732421875,295.1400146484375,96.43096923828125,68.48645782470703,259.49169921875,43.787872314453125,598.9503173828125,100.39884185791016,133.40939331054688,150.508544921875,21.449615478515625,210.8000030517578,348.9194641113281,90.48533630371094
2025-06-09,200.48104858398438,468.1225280761719,142.2711944580078,175.47628784179688,690.7156982421875,113.52501678466797,216.97999572753906,308.5799865722656,96.41118621826172,68.88959503173828,260.4779357910156,43.69049835205078,598.4821166992188,101.07286071777344,133.93270874023438,150.70269775390625,22.019153594970703,217.50999450683594,353.580322265625,91.4615478515625
2025-06-10,201.6951904296875,466.3104553222656,143.5978546142578,177.97755432128906,699.0155029296875,116.53834533691406,217.61000061035156,326.0899963378906,96.2825698852539,69.4463119506836,262.2943420410156,43.904720306396484,599.7989501953125,103.23932647705078,136.3970947265625,151.88711547851562,22.322296142578125,215.72999572753906,354.07403564453125,94.36262512207031
2025-06-11,197.8238983154297,467.9938049316406,142.48057556152344,176.73191833496094,690.7952880859375,117.31375885009766,213.1999969482422,326.42999267578125,94.77877807617188,69.17755889892578,261.8548889160156,43.55418014526367,608.8710327148438,105.2517318725586,137.75772094726562,150.7318115234375,22.487648010253906,214.0,358.5867614746094,93.16535949707031
2025-06-12,198.24188232421875,474.1826477050781,144.64527893066406,175.087646484375,690.0189819335938,116.4205551147461,213.24000549316406,319.1099853515625,93.8191146850586,69.34072875976562,261.9427490234375,43.44707107543945,609.7880249023438,105.65613555908203,137.93853759765625,152.09100341796875,22.818349838256836,203.75,356.43408203125,92.94432067871094
2025-06-13,195.50509643554688,470.3109436035156,141.62269592285156,174.06124877929688,679.5796508789062,115.76292419433594,212.10000610351562,325.30999755859375,93.43327331542969,68.65437316894531,258.73004150390625,42.93100357055664,598.5015869140625,107.95740509033203,138.83290100097656,152.51815795898438,22.542766571044922,200.32000732421875,352.5730895996094,92.09703063964844
2025-06-16,197.46563720703125,474.45001220703125,144.33602905273438,176.15391540527344,699.2744750976562,117.27450561523438,216.10000610351562,329.1300048828125,93.28487396240234,68.17103576660156,264.01300048828125,43.24258804321289,612.4608154296875,108.30403900146484,138.9470977783203,150.69300842285156,22.414159774780273,201.6999969482422,357.8955383300781,93.10089111328125
2025-06-17,194.69898986816406,473.36077880859375,143.76742553710938,175.33677673339844,694.4042358398438,115.94940948486328,214.82000732421875,316.3500061035156,93.24529266357422,67.301025390625,263.19268798828125,43.06732177734375,609.32958984375,109.7676010131836,141.63035583496094,147.9358367919922,22.046714782714844,200.25999450683594,353.1951904296875,91.79309844970703
2025-06-18,195.63449096679688,475.5392150878906,145.12411499023438,172.71595764160156,692.9501953125,115.68439483642578,212.52000427246094,322.04998779296875,94.07633972167969,66.90467071533203,267.5284423828125,43.87550735473633,619.669677734375,108.98768615722656,141.00233459472656,146.3339385986328,21.936481475830078,197.67999267578125,355.2886047363281,91.36946105957031
2025-06-20,200.03323364257812,472.72705078125,143.4980926513672,166.05923461914062,679.5845947265625,115.4586410522461,209.69000244140625,322.1600036621094,95.09536743164062,66.5469970703125,268.5440673828125,44.3039436340332,625.0934448242188,110.44161987304688,142.29635620117188,145.42135620117188,22.019153594970703,198.75,355.9995422363281,91.42472076416016
2025-06-23,200.53082275390625,481.24285888671875,143.8173065185547,164.61428833007812,695.6990356445312,115.57643127441406,208.47000122070312,348.67999267578125,96.82670593261719,67.41702270507812,271.7372741699219,45.082908630371094,631.0244140625,107.59151458740234,139.7368621826172,146.90673828125,22.07427215576172,201.30999755859375,361.6380310058594,92.46541595458984
2025-06-24,199.33657836914062,485.3125915527344,147.53819274902344,166.1887664794922,709.3135986328125,116.95645141601562,212.77000427246094,340.4700012207031,96.955322265625,67.8713607788086,274.6571044921875,45.433448791503906,645.881103515625,104.31774139404297,136.58738708496094,147.75137329101562,22.33148193359375,200.94000244140625,368.34283447265625,92.66803741455078
2025-06-25,200.5904998779297,487.45147705078125,153.9324951171875,170.0851287841797,705.8078002929688,117.71546173095703,211.99000549316406,327.54998779296875,96.22321319580078,67.31067657470703,277.391357421875,45.61845016479492,653.4508666992188,104.34663391113281,136.28292846679688,147.83872985839844,22.285552978515625,198.89999389648438,366.9208679199219,91.51681518554688
2025-06-26,200.03323364257812,492.58074951171875,154.6407928466797,172.93516540527344,723.1472778320312,119.72633361816406,217.1199951171875,325.7799987792969,94.99642181396484,67.15601348876953,281.9712219238281,46.21241760253906,670.317138671875,105.90648651123047,137.43421936035156,147.57659912109375,22.267181396484375,202.5800018310547,377.0917663574219,92.64961242675781
2025-06-27,200.1128387451172,491.0856018066406,157.3640899658203,177.9077911376953,730.6567993164062,120.5937728881836,223.3000030517578,323.6300048828125,96.23310852050781,67.98735809326172,280.3697509765625,45.88135528564453,673.8775634765625,105.31912994384766,136.81573486328125,147.96493530273438,22.22125244140625,214.5500030517578,379.8862609863281,93.18376922607422
2025-06-30,204.18316650390625,492.54119873046875,157.60350036621094,175.6157989501953,735.0987548828125,122.23994445800781,219.38999938964844,317.6600036621094,96.73766326904297,68.39337158203125,283.10400390625,46.07609939575195,690.4024047851562,103.79779052734375,136.24485778808594,148.29502868652344,22.267181396484375,209.52999877929688,383.34234619140625,92.9627456665039
2025-07-01,206.82041931152344,487.2336120605469,152.9249725341797,175.2271728515625,716.30517578125,121.72736358642578,220.4600067138672,300.7099914550781,97.19276428222656,69.28273010253906,283.59228515625,46.884281158447266,689.1441040039062,105.184326171875,138.50942993164062,151.37257385253906,23.0020694732666,209.7899932861328,386.0184020996094,96.2137680053711
2025-07-02,211.41819763183594,486.2830505371094,156.8653106689453,178.01739501953125,710.6780395507812,121.22464752197266,219.9199981689453,315.6499938964844,96.5694808959961,68.54804992675781,285.14495849609375,47.42955780029297,698.3428955078125,106.92713165283203,140.80252075195312,151.02308654785156,23.259281158447266,212.02999877929688,393.4342041015625,97.19920349121094
2025-07-03,212.5228729248047,493.9571838378906,158.9501953125,178.904296875,716.0960083007812,122.23008728027344,223.41000366210938,315.3500061035156,97.31148529052734,68.97339630126953,290.4435729980469,47.643775939941406,705.9420166015625,108.03443145751953,141.17359924316406,151.4599609375,23.31439971923828,215.9199981689453,392.8713684082031,95.900634765625
2025-07-07,208.94017028808594,492.84814453125,157.85289001464844,176.17384338378906,715.4385986328125,121.4020767211914,223.47000122070312,293.94000244140625,98.29092407226562,68.64472198486328,286.4892272949219,47.38087463378906,693.5044555664062,106.98490905761719,140.2506561279297,150.7415313720703,23.185792922973633,218.6300048828125,386.60101318359375,92.87985229492188
2025-07-08,208.99989318847656,491.7589111328125,159.60858154296875,173.7523193359375,717.7492065429688,120.08120727539062,219.36000061035156,297.80999755859375,96.05502319335938,67.90036010742188,277.4717712402344,45.91056823730469,680.1890869140625,109.9505615234375,145.80740356445312,151.24636840820312,23.534870147705078,218.52000427246094,389.34613037109375,94.28893280029297
2025-07-09,210.1244354248047,498.5815124511719,162.48155212402344,176.00442504882812,729.8102416992188,118.88847351074219,222.5399932861328,295.8800048828125,95.77800750732422,67.16567993164062,277.8446350097656,45.60871505737305,679.4866943359375,109.57504272460938,145.5980682373047,151.72207641601562,23.47974967956543,226.60000610351562,397.1372375488281,94.07711791992188
2025-07-10,211.38836669921875,496.5713806152344,163.6985626220703,177.00096130371094,724.2926025390625,119.82491302490234,222.25999450683594,309.8699951171875,93.84879302978516,67.44600677490234,282.7801818847656,45.73530197143555,691.73876953125,110.66307830810547,146.69229125976562,153.09095764160156,23.68184471130371,226.08999633789062,403.2101135253906,94.78626251220703
2025-07-11,210.14434814453125,498.3933410644531,164.5165557861328,179.56201171875,714.6021118164062,118.1590347290039,225.02000427246094,313.510009765625,93.39369201660156,67.54269409179688,281.47515869140625,45.50160598754883,687.6710205078125,111.14451599121094,147.77700805664062,152.32400512695312,23.562423706054688,226.83999633789062,400.8303527832031,93.26666259765625
2025-07-14,207.6165771484375,498.09625244140625,163.6686553955078,180.92723083496094,717.9982299804688,118.25760650634766,225.69000244140625,316.8999938964844,94.75897979736328,67.15601348876953,283.2806396484375,45.83266830444336,695.81640625,109.69058227539062,144.2945098876953,152.246337890625,23.286842346191406,230.50999450683594,400.68218994140625,92.20755004882812
2025-07-15,208.10421752929688,500.8688659667969,170.28240966796875,181.36569213867188,707.5108642578125,117.28173828125,226.35000610351562,310.7799987792969,94.3731460571289,67.04967498779297,281.1709899902344,44.93685531616211,685.2908935546875,108.71807861328125,143.38107299804688,150.64443969726562,22.607067108154297,230.0,399.56640625,91.66417694091797
2025-07-16,209.149169921875,500.6708068847656,170.9507598876953,182.33230590820312,700.0612182617188,118.10974884033203,223.19000244140625,321.6700134277344,94.13571166992188,66.9626693725586,280.4546813964844,44.820003509521484,691.4461669921875,108.06332397460938,142.64842224121094,159.9741668701172,22.607067108154297,229.89999389648438,407.7030944824219,91.75627899169922
2025-07-17,209.0098419189453,506.6913146972656,172.57676696777344,182.940185546875,698.5673217773438,120.46563720703125,223.8800048828125,319.4100036621094,94.07633972167969,68.23870849609375,284.4580993652344,45.78398513793945,688.5392456054688,107.51448822021484,144.03761291503906,158.22666931152344,22.57950782775879,231.0,412.8279724121094,91.63655090332031
2025-07-18,210.1642608642578,505.05743408203125,171.9882049560547,184.41502380371094,701.42578125,119.68690490722656,226.1300048828125,329.6499938964844,94.03677368164062,67.52335357666016,285.8023986816406,46.07609939575195,690.8999633789062,103.7688980102539,142.76260375976562,158.9256591796875,22.47846221923828,229.33999633789062,408.5226135253906,91.37866973876953
2025-07-21,211.45799255371094,505.0673522949219,170.96075439453125,189.4374542236328,710.0804443359375,119.11518096923828,229.3000030517578,328.489990234375,94.650146484375,67.73602294921875,285.50799560546875,46.23189163208008,688.6953735351562,104.03852081298828,142.42007446289062,159.56642150878906,22.285552978515625,229.32000732421875,406.4116516113281,91.08396911621094
2025-07-22,213.3687744140625,500.32421875,166.6213836669922,190.67312622070312,701.9535522460938,119.33204650878906,227.47000122070312,332.1099853515625,94.82823181152344,67.33969116210938,285.9593505859375,46.5142707824707,683.2423095703125,104.51032257080078,142.76260375976562,163.0323028564453,23.093931198120117,228.47999572753906,413.4681396484375,93.14692687988281
2025-07-23,213.11997985839844,500.9183654785156,170.36221313476562,189.56703186035156,710.6880493164062,121.18521881103516,228.2899932861328,332.55999755859375,94.6600570678711,66.8563461303711,291.1893005371094,46.87453842163086,699.9329833984375,105.84871673583984,145.69320678710938,164.16819763183594,23.2960262298584,233.8800048828125,423.77532958984375,95.34805297851562
2025-07-24,212.73184204101562,505.8793640136719,173.3149871826172,191.500244140625,711.903076171875,120.20934295654297,232.22999572753906,305.29998779296875,95.57025146484375,66.79833221435547,290.9832458496094,47.11796569824219,701.5523071289062,106.67678833007812,148.27178955078125,164.61477661132812,23.286842346191406,231.27000427246094,425.6881408691406,94.42708587646484
2025-07-25,212.85128784179688,508.6816711425781,173.07554626464844,192.50672912597656,709.7916259765625,119.73619842529297,231.44000244140625,316.05999755859375,96.43096923828125,66.86600494384766,293.0144348144531,47.176395416259766,711.1119384765625,106.30126190185547,147.32977294921875,163.3915252685547,23.165361404418945,233.05999755859375,429.88037109375,95.37567901611328
2025-07-28,213.0204620361328,507.48345947265625,176.31761169433594,191.9088134765625,714.7215576171875,118.65190124511719,232.7899932861328,325.5899963378906,96.5694808959961,65.82197570800781,292.6807861328125,46.96217727661133,705.9127197265625,107.30265045166016,148.69993591308594,161.37217712402344,22.71681785583496,236.41000366210938,429.0776062011719,93.55215454101562
2025-07-29,210.25381469726562,507.55279541015625,175.0806427001953,195.06776428222656,697.1630859375,118.1984634399414,231.00999450683594,321.20001220703125,97.28179931640625,67.06900024414062,291.4640808105469,46.689537048339844,714.0384521484375,108.68919372558594,149.41357421875,163.20706176757812,22.707473754882812,226.0800018310547,426.21337890625,83.66094207763672
2025-07-30,208.04449462890625,508.2162170410156,178.83143615722656,195.8450469970703,692.3924560546875,117.83374786376953,230.19000244140625,319.0400085449219,96.54969024658203,66.45999908447266,294.0054626464844,46.69926834106445,712.838623046875,107.74557495117188,146.11187744140625,162.38185119628906,22.24958610534668,225.83999633789062,430.2471008300781,80.29019165039062
2025-07-31,206.57162475585938,528.2779541015625,177.43487548828125,191.23117065429688,770.3053588867188,117.4098892211914,234.11000061035156,308.2699890136719,96.935546875,65.62863159179688,290.6790771484375,46.02741241455078,705.8541870117188,107.49522399902344,144.28500366210938,159.9353485107422,21.7636661529541,221.83999633789062,434.1123046875,79.35079956054688
2025-08-01,201.40658569335938,518.9798583984375,173.2950439453125,188.47085571289062,746.9703369140625,114.92584991455078,214.75,302.6300048828125,97.44010162353516,66.56632995605469,283.93804931640625,44.45973205566406,692.1777954101562,105.56948852539062,144.056640625,162.44979858398438,21.950557708740234,221.89999389648438,424.86553955078125,77.8219985961914
2025-08-04,202.3719482421875,530.39697265625,179.5596466064453,194.36024475097656,773.2235717773438,117.64645385742188,211.64999389648438,309.260009765625,98.52836608886719,66.66299438476562,288.73626708984375,44.64474105834961,708.234375,103.38375091552734,143.71409606933594,166.05157470703125,21.987937927246094,222.33999633789062,429.8308410644531,78.30088806152344
2025-08-05,201.9439697265625,522.584228515625,177.8238983154297,193.9915313720703,760.3658447265625,116.63115692138672,213.75,308.7200012207031,98.25135040283203,66.75000762939453,285.9004821777344,44.362361907958984,703.2398071289062,103.25857543945312,145.61709594726562,165.7603759765625,23.127981185913086,224.86000061035156,430.3560791015625,79.92181396484375
2025-08-06,212.22430419921875,519.8016967773438,178.9810791015625,195.40658569335938,768.8612670898438,113.526123046875,222.30999755859375,319.9100036621094,102.25818634033203,67.19467163085938,285.880859375,44.226043701171875,706.9758911132812,102.55567932128906,145.3697052001953,165.61471557617188,22.361722946166992,225.0399932861328,423.9041748046875,79.43367767333984
2025-08-07,218.97169494628906,515.7418823242188,180.3278045654297,195.83509826660156,758.742431640625,111.26880645751953,223.1300048828125,322.2699890136719,102.02074432373047,68.08403778076172,281.55364990234375,43.73918151855469,702.0984497070312,102.01646423339844,145.7312774658203,166.5272979736328,22.642061233520508,227.3300018310547,413.39874267578125,79.65472412109375
2025-08-08,228.24688720703125,516.9300537109375,182.2530517578125,200.718017578125,766.1821899414062,110.82523345947266,222.69000244140625,329.6499938964844,102.62423706054688,67.99702453613281,283.33953857421875,44.80052947998047,703.5910034179688,102.83492279052734,147.49154663085938,168.2748260498047,22.96912384033203,229.1199951171875,412.8041076660156,79.82050323486328
2025-08-11,226.34388732910156,516.6627807617188,181.61460876464844,200.29946899414062,762.7660522460938,110.94351959228516,221.3000030517578,339.0299987792969,102.82210540771484,68.39337158203125,284.12451171875,44.94659423828125,701.6107788085938,101.90092468261719,146.00721740722656,168.7505340576172,22.96912384033203,225.9600067138672,404.895263671875,79.48894500732422
2025-08-12,228.80477905273438,524.0595703125,182.71192932128906,202.63131713867188,786.7982788085938,112.09681701660156,221.47000122070312,340.8399963378906,102.51541900634766,68.35470581054688,287.3527526855469,46.251365661621094,725.1591186523438,102.18978881835938,146.94921875,167.7408447265625,23.03453826904297,232.61000061035156,409.0281066894531,80.52043151855469
2025-08-13,232.47125244140625,515.484375,181.14578247070312,201.25613403320312,776.9185791015625,114.97513580322266,224.55999755859375,339.3800048828125,99.9134521484375,68.113037109375,285.0762634277344,45.99820327758789,726.43701171875,103.60520935058594,148.30982971191406,169.33302307128906,23.5111141204834,233.3699951171875,410.00927734375,81.2111587524414
2025-08-14,231.92327880859375,517.3657836914062,181.57470703125,202.23272705078125,778.960205078125,114.64984130859375,230.97999572753906,335.5799865722656,99.77494049072266,67.23335266113281,288.6381530761719,46.45584487915039,728.885498046875,103.39337921142578,147.63426208496094,169.62428283691406,23.46438980102539,233.19000244140625,413.7753601074219,81.55192565917969
2025-08-15,230.73765563964844,515.078369140625,180.00856018066406,203.1893768310547,782.047607421875,113.74298095703125,231.02999877929688,330.55999755859375,99.16506958007812,67.59101104736328,285.0370178222656,45.70608139038086,712.8093872070312,103.49056243896484,148.9568634033203,171.48828125,23.49242401123047,235.25999450683594,404.1520080566406,81.48745727539062
2025-08-18,230.0402374267578,512.0383911132812,181.56472778320312,202.79075622558594,764.260009765625,114.88642883300781,231.49000549316406,335.1600036621094,99.85922241210938,66.82733917236328,286.0575256347656,46.66032409667969,713.04345703125,103.7140884399414,147.78651428222656,171.10964965820312,23.427011489868164,232.41000366210938,408.958740234375,81.17778778076172
2025-08-19,229.71145629882812,504.7801818847656,175.21034240722656,200.86749267578125,748.4344482421875,114.61041259765625,228.00999450683594,329.30999755859375,100.44430541992188,67.79402160644531,285.203857421875,46.81612014770508,703.6984252929688,104.39436340332031,146.23753356933594,172.61447143554688,23.660625457763672,225.0,412.3779296875,82.38829040527344
2025-08-20,225.17819213867188,500.76983642578125,174.97091674804688,198.62533569335938,744.6895751953125,115.36943054199219,223.80999755859375,323.8999938964844,101.71361541748047,68.34503936767578,286.7541809082031,47.07902145385742,703.0155029296875,105.47310638427734,147.41128540039062,173.62413024902344,23.716693878173828,225.6199951171875,416.8377990722656,81.58128356933594
2025-08-21,224.072265625,500.1251525878906,174.5519256591797,199.0538330078125,736.1044921875,114.55127716064453,221.9499969482422,320.1099853515625,97.14210510253906,68.3063735961914,285.9986572265625,46.991390228271484,698.4014282226562,106.15339660644531,149.65298461914062,173.71148681640625,24.053102493286133,224.4600067138672,414.1618957519531,80.83998107910156
2025-08-22,226.92173767089844,503.09075927734375,177.55458068847656,205.37173461914062,751.73095703125,117.1634521484375,228.83999633789062,340.010009765625,96.02154541015625,67.79402160644531,290.6790771484375,48.1793212890625,723.7056274414062,108.1456527709961,152.18325805664062,174.0609893798828,24.183927536010742,230.1199951171875,431.78326416015625,83.34541320800781
2025-08-25,226.323974609375,500.14495849609375,179.37013244628906,207.76336669921875,750.2470703125,116.02986145019531,227.94000244140625,346.6000061035156,95.26789093017578,66.63400268554688,289.3642272949219,48.1793212890625,720.6815795898438,108.59269714355469,152.20249938964844,173.20664978027344,23.49242401123047,226.8699951171875,428.44329833984375,82.33197021484375
2025-08-26,228.46604919433594,497.9430847167969,181.32533264160156,206.41807556152344,751.0437622070312,115.9707260131836,228.7100067138672,351.6700134277344,95.24806213378906,66.44066619873047,292.9653625488281,48.9290771484375,730.5925903320312,108.34973907470703,151.39434814453125,172.600341796875,23.286842346191406,234.8300018310547,427.4126281738281,82.06924438476562
2025-08-27,229.64170837402344,502.6047668457031,181.15576171875,206.7568817138672,744.3510131835938,116.40443420410156,229.1199951171875,349.6000061035156,95.2778091430664,66.53732299804688,293.66204833984375,49.05565643310547,731.2948608398438,109.5742416381836,153.2030792236328,172.89369201660156,23.427011489868164,235.6199951171875,428.81005859375,82.444580078125
2025-08-28,231.70408630371094,505.4810791015625,179.729248046875,210.90237426757812,748.0659790039062,115.96086883544922,231.60000610351562,345.9800109863281,95.30755615234375,66.08299255371094,295.4184265136719,49.16276931762695,732.806884765625,110.15734100341797,153.28004455566406,171.583251953125,22.987812042236328,236.16000366210938,431.030029296875,81.89093780517578
2025-08-29,231.28562927246094,502.5551452636719,173.75389099121094,212.16798400878906,735.7062377929688,116.69029998779297,229.0,333.8699951171875,96.17029571533203,66.6919937133789,295.7618713378906,49.40619659423828,730.8748779296875,111.07087707519531,154.5115203857422,173.2653350830078,23.137327194213867,234.67999267578125,415.3016357421875,82.05046844482422
2025-09-02,228.87454223632812,500.9979553222656,170.36221313476562,210.61341857910156,732.1307373046875,116.58187103271484,225.33999633789062,329.3599853515625,97.03302001953125,66.7596664428711,294.0741271972656,49.0946044921875,716.7526245117188,111.45960235595703,155.69488525390625,174.13571166992188,23.342910766601562,237.3800048828125,412.33831787109375,79.9766845703125
2025-09-03,237.59234619140625,501.22607421875,170.20260620117188,229.8561248779297,734.0628662109375,115.70457458496094,225.99000549316406,334.0899963378906,98.60974884033203,66.6919937133789,293.8877258300781,48.74407196044922,716.46826171875,108.7579116821289,152.06781005859375,174.07704162597656,23.165361404418945,232.3800048828125,411.41656494140625,80.03299713134766
2025-09-04,238.89752197265625,503.82470703125,171.2400665283203,231.4904022216797,745.6159057617188,117.11416625976562,235.67999267578125,338.5299987792969,100.08731079101562,65.97665405273438,298.1168518066406,49.28934860229492,734.4545288085938,109.23410034179688,151.7118377685547,174.82029724121094,22.931747436523438,230.75,416.4710693359375,79.27291870117188
2025-09-05,238.80783081054688,490.9605407714844,166.61141967773438,234.18096923828125,749.4004516601562,116.22702026367188,232.3300018310547,350.8399963378906,99.67081451416016,65.6963119506836,288.8540344238281,48.73125076293945,723.9707641601562,106.15339660644531,147.83462524414062,174.49755859375,23.249460220336914,229.61000061035156,419.3055725097656,79.79839324951172
2025-09-08,237.00450134277344,494.13446044921875,167.89825439453125,233.4329071044922,749.2510986328125,117.14373779296875,235.83999633789062,346.3999938964844,101.42603302001953,65.18395233154297,287.41162109375,48.42771911621094,727.5404663085938,106.75592041015625,148.16171264648438,174.2041778564453,22.941089630126953,230.9499969482422,419.00823974609375,79.12277221679688
2025-09-09,233.4875030517578,494.34271240234375,170.3422393798828,239.00843811035156,762.5967407226562,115.6947250366211,238.24000549316406,346.9700012207031,101.43595123291016,65.5996322631836,292.2588806152344,49.240394592285156,749.1847534179688,107.53339385986328,148.97950744628906,173.05996704101562,23.090604782104492,229.52000427246094,414.3600769042969,79.19784545898438
2025-09-10,225.95533752441406,496.2867126464844,176.8961944580078,238.5496368408203,748.9323120117188,114.13727569580078,230.3300018310547,347.7900085449219,99.5716552734375,65.56096649169922,294.89837646484375,49.083736419677734,754.735595703125,109.33129119873047,151.8080291748047,171.91574096679688,22.959779739379883,227.52000427246094,419.1370849609375,78.68174743652344
2025-09-11,229.1833953857422,496.9215087890625,176.7465362548828,239.7465057373047,747.8568115234375,115.40885925292969,229.9499969482422,368.80999755859375,101.7929458618164,65.36764526367188,299.8241271972656,49.690799713134766,769.5934448242188,108.98143005371094,152.2506103515625,174.56602478027344,23.230775833129883,219.99000549316406,427.5315246582031,79.43244934082031
2025-09-12,233.2085418701172,505.7389221191406,177.39501953125,240.17539978027344,752.5277709960938,114.30484008789062,228.14999389648438,395.94000244140625,102.62593078613281,64.77794647216797,301.1488037109375,49.52434158325195,765.0134887695312,109.00086212158203,151.15382385253906,174.13571166992188,22.305654525756836,215.94000244140625,427.6702575683594,79.15092468261719
2025-09-15,235.828857421875,511.1543884277344,177.32516479492188,250.95733642578125,761.600830078125,113.96969604492188,231.42999267578125,410.0400085449219,102.82427215576172,64.49546813964844,303.1014404296875,49.53413391113281,771.5842895507812,109.18550872802734,151.3462371826172,173.49026489257812,22.39910125732422,215.75,432.0508728027344,78.84126281738281
2025-09-16,237.2735137939453,504.8859558105469,174.46202087402344,250.50851440429688,775.8428955078125,113.58526611328125,234.0500030517578,421.6199951171875,102.5565185546875,64.5246810913086,303.385986328125,49.60267639160156,770.3779907226562,111.44988250732422,153.49168395996094,172.5709991455078,22.33368682861328,215.02000427246094,436.7386474609375,79.94853210449219
2025-09-17,238.11044311523438,505.8579406738281,169.8829803466797,248.8827362060547,772.5761108398438,114.4428482055664,231.6199951171875,425.8599853515625,103.3994140625,65.30397033691406,305.89794921875,50.32722854614258,778.900390625,112.0427017211914,154.02084350585938,173.294677734375,22.47385597229004,214.6300048828125,446.6395568847656,78.99140930175781
2025-09-18,237.00450134277344,504.3008117675781,175.81878662109375,251.37625122070312,777.0878295898438,113.22055053710938,231.22999572753906,416.8500061035156,102.73501586914062,64.7389907836914,307.3501892089844,51.041996002197266,788.7957153320312,110.72100830078125,152.8182373046875,170.32167053222656,22.567304611206055,215.66000366210938,462.7940979003906,79.80777740478516
2025-09-19,244.59645080566406,513.703369140625,176.24774169921875,254.0592803955078,775.2254028320312,112.13624572753906,231.47999572753906,426.07000732421875,101.47562408447266,64.70975494384766,308.8710632324219,51.15948486328125,789.4723510742188,109.64227294921875,150.28794860839844,172.30694580078125,22.455169677734375,215.64999389648438,462.37786865234375,78.87879943847656
2025-09-22,255.13751220703125,510.25189208984375,183.17117309570312,251.87496948242188,762.5733032226562,110.953369140625,227.6300048828125,434.2099914550781,101.96153259277344,64.49546813964844,306.5749816894531,50.83637237548828,790.0216064453125,108.86479949951172,150.13401794433594,170.37057495117188,22.464513778686523,212.08999633789062,467.8882751464844,79.03832244873047
2025-09-23,253.49359130859375,505.0744323730469,178.0035400390625,251.00723266601562,752.8463745117188,110.64779663085938,220.7100067138672,425.8500061035156,101.6640396118164,64.9825210571289,306.8693542480469,50.620967864990234,790.7669677734375,110.74044036865234,151.45205688476562,172.68833923339844,22.548614501953125,216.33999633789062,467.0557556152344,79.20722961425781
2025-09-24,251.38140869140625,505.9869079589844,176.54702758789062,246.49893188476562,758.0885009765625,111.81095886230469,220.2100067138672,442.7900085449219,101.87228393554688,64.729248046875,307.53662109375,50.620967864990234,777.1448364257812,111.33325958251953,153.14532470703125,172.79591369628906,22.51123809814453,215.10000610351562,465.5989074707031,78.72866821289062
2025-09-25,255.9246368408203,502.8923645019531,177.2653045654297,245.15243530273438,746.378173828125,111.37723541259766,218.14999389648438,423.3900146484375,102.18960571289062,64.27141571044922,307.5660705566406,50.7678337097168,779.429931640625,112.3342514038086,154.626953125,173.81298828125,22.053348541259766,213.52999877929688,459.5830383300781,77.49002838134766
2025-09-26,254.51980590820312,507.28619384765625,177.76409912109375,245.90049743652344,741.2356567382812,111.85038757324219,219.77999877929688,440.3999938964844,102.29869079589844,63.96944046020508,310.12701416015625,51.12031936645508,787.030517578125,113.91835021972656,154.0881805419922,175.74935913085938,22.202863693237305,221.25999450683594,461.6048278808594,78.55976104736328
2025-09-29,253.49359130859375,510.4005432128906,181.41537475585938,243.41696166992188,740.886962890625,113.14168548583984,222.1699981689453,443.2099914550781,102.2193603515625,64.32986450195312,309.7640075683594,51.3259391784668,788.609375,111.00284576416016,150.18211364746094,177.6172637939453,22.286964416503906,217.0800018310547,467.4026184082031,79.29168701171875
2025-09-30,253.69287109375,513.7232666015625,186.13406372070312,242.46942138671875,731.8973388671875,112.86568450927734,219.57000732421875,444.7200012207031,102.19952392578125,64.60261535644531,309.50885009765625,50.51326370239258,780.9891967773438,109.5742416381836,149.40281677246094,181.33351135253906,23.81014060974121,215.8300018310547,472.8932189941406,78.3814697265625
2025-10-01,254.50985717773438,515.4689331054688,186.79248046875,244.26473999023438,714.9149780273438,111.33780670166016,220.6300048828125,459.4599914550781,101.10870361328125,65.05070495605469,304.87750244140625,49.622257232666016,770.3583374023438,108.83563995361328,148.71974182128906,181.9496307373047,25.4267635345459,215.1999969482422,476.5304870605469,79.17906951904297
2025-10-02,256.18365478515625,511.53131103515625,188.43853759765625,245.05270385742188,724.5921630859375,110.53937530517578,222.41000366210938,436.0,100.85087585449219,64.3883056640625,301.77679443359375,49.426429748535156,764.3465576171875,108.1553726196289,147.55560302734375,181.88116455078125,25.305282592773438,217.42999267578125,486.1934814453125,80.29572296142578
2025-10-03,257.07037353515625,513.1281127929688,187.17156982421875,244.7135772705078,708.1578979492188,110.86466217041016,219.50999450683594,429.8299865722656,101.2177963256836,64.92406463623047,304.21026611328125,49.583091735839844,774.7421264648438,110.06988525390625,147.72879028320312,184.48255920410156,25.576278686523438,216.3000030517578,493.4085388183594,81.43115997314453
2025-10-06,255.7452850341797,524.256591796875,185.0965576171875,249.78041076660156,713.2406616210938,111.14066314697266,220.89999389648438,453.25,101.842529296875,64.3883056640625,304.8511047363281,49.33831024169922,781.4110107421875,110.9833984375,148.18096923828125,184.01312255859375,24.6978816986084,219.72999572753906,490.9606018066406,81.28101348876953
2025-10-07,255.5360565185547,519.7039794921875,184.59771728515625,245.1225128173828,710.66943359375,110.9238052368164,221.77999877929688,433.0899963378906,102.37802124023438,65.06044006347656,303.3819885253906,49.240394592285156,774.4185180664062,111.04171752929688,149.03721618652344,184.72703552246094,24.548368453979492,221.82000732421875,482.3678894042969,80.68046569824219
2025-10-08,257.1102600097656,520.56689453125,188.65802001953125,243.9854736328125,715.4132080078125,110.29293823242188,225.22000122070312,438.69000244140625,102.04086303710938,64.40779876708984,299.77325439453125,48.79978561401367,761.531982421875,110.8084716796875,147.9115753173828,185.50941467285156,23.997034072875977,225.32000732421875,497.6404724121094,80.93380737304688
2025-10-09,253.1050262451172,518.136962890625,192.1097412109375,240.9034881591797,731.0302734375,109.4057846069336,227.74000549316406,435.5400085449219,100.9202880859375,64.65131378173828,301.2522277832031,48.75083541870117,764.9154052734375,109.72974395751953,145.8911895751953,186.8687744140625,23.58586883544922,216.0,495.8961181640625,80.02360534667969
2025-10-10,244.3673095703125,506.790283203125,182.72222900390625,235.95635986328125,702.9156494140625,107.63147735595703,216.3699951171875,413.489990234375,100.98970794677734,65.30397033691406,296.6772155761719,47.63462448120117,749.6163330078125,107.61115264892578,143.2550506591797,186.51670837402344,23.156017303466797,210.72999572753906,486.9169616699219,77.76214599609375
2025-10-13,246.74850463867188,509.8550720214844,187.8699188232422,243.51669311523438,713.280517578125,108.69605255126953,220.07000732421875,435.8999938964844,101.26737213134766,65.07018280029297,303.6580505371094,47.84024429321289,771.6038818359375,109.07860565185547,146.17984008789062,186.69273376464844,23.10929298400879,215.55999755859375,500.25689697265625,78.05303955078125
2025-10-14,246.8581085205078,509.3790283203125,179.59971618652344,244.81332397460938,706.25439453125,109.58321380615234,216.38999938964844,429.239990234375,106.31487274169922,65.76179504394531,297.85052490234375,49.0445671081543,755.8928833007812,109.12720489501953,146.61276245117188,186.64385986328125,22.913057327270508,214.3000030517578,522.7642211914062,78.86942291259766
2025-10-15,248.42233276367188,509.2401428222656,179.40017700195312,250.37884521484375,715.1242065429688,110.1155014038086,215.57000732421875,435.1499938964844,108.11968231201172,65.34293365478516,301.40997314453125,51.18886184692383,753.117431640625,108.46635437011719,146.3433837890625,186.956787109375,22.791574478149414,214.0,529.2855834960938,78.90695190429688
2025-10-16,246.53929138183594,507.4349670410156,181.37545776367188,250.80772399902344,709.6627807617188,108.3116226196289,214.47000122070312,428.75,105.5810546875,65.8397216796875,294.360107421875,49.38726806640625,743.46728515625,107.52367401123047,145.95855712890625,187.88584899902344,22.642061233520508,211.88999938964844,536.1339721679688,80.36141967773438
2025-10-17,251.36146545410156,509.3888854980469,182.78208923339844,252.64297485351562,714.496337890625,109.0903549194336,213.0399932861328,439.30999755859375,106.83053588867188,66.66771697998047,293.3938293457031,50.20973587036133,736.2884521484375,109.07860565185547,147.276611328125,188.96160888671875,22.90371322631836,212.94000244140625,522.3777465820312,81.0839614868164
2025-10-20,261.27484130859375,512.57275390625,182.20347595214844,255.88450622558594,729.69482421875,110.3619384765625,216.47999572753906,447.42999267578125,106.15621185302734,66.66771697998047,298.1265869140625,50.9538688659668,748.5963745117188,109.5256576538086,148.62351989746094,189.45057678222656,23.071916580200195,216.82000732421875,527.9536743164062,81.55313873291016
2025-10-21,261.80291748046875,513.4356079101562,180.72702026367188,249.81031799316406,730.7911376953125,112.66854095458984,222.02999877929688,442.6000061035156,105.33314514160156,69.37572479248047,292.9303894042969,50.44472122192383,744.340087890625,109.5353775024414,147.9596710205078,187.65113830566406,23.2214298248291,217.25999450683594,521.4633178710938,82.63225555419922
2025-10-22,257.4988098144531,516.2921142578125,179.84912109375,251.03713989257812,730.9306640625,111.46595764160156,217.9499969482422,438.9700012207031,106.24545288085938,68.97633361816406,289.9920959472656,50.03348922729492,730.2374267578125,111.47904205322266,149.67222595214844,188.6877899169922,23.099950790405273,216.58999633789062,510.78857421875,81.71266174316406
2025-10-23,258.6246337890625,516.3118896484375,181.72462463378906,252.4235382080078,731.5186767578125,111.41667175292969,221.08999633789062,448.9800109863281,105.9677963256836,68.12887573242188,290.4161071777344,50.67971420288086,736.29833984375,112.71326446533203,150.62466430664062,188.22813415527344,23.053224563598633,217.77000427246094,517.3385620117188,81.66574096679688
2025-10-24,261.85272216796875,519.3370971679688,185.8148193359375,259.24578857421875,735.8638916015625,110.0859375,224.2100067138672,433.7200012207031,105.28355407714844,67.90483093261719,296.2334899902344,51.472808837890625,768.7598266601562,112.13988494873047,149.66258239746094,186.2037353515625,23.137327194213867,221.35000610351562,519.5549926757812,81.84403228759766
2025-10-27,267.8206787109375,527.1824951171875,191.03233337402344,268.571533203125,748.2817993164062,110.73651123046875,226.97000122070312,452.4200134277344,103.59776306152344,68.24576568603516,299.89154052734375,51.91341781616211,774.7518920898438,112.67440032958984,149.39320373535156,186.10595703125,23.14667320251465,223.0,523.86865234375,83.72075653076172
2025-10-28,268.0099792480469,537.6463623046875,200.5495147705078,266.77618408203125,748.8997192382812,110.05636596679688,229.25,460.54998779296875,102.30860900878906,68.34318542480469,301.0845947265625,51.766544342041016,776.8114624023438,111.79002380371094,148.28680419921875,182.8102264404297,22.894365310668945,223.3300018310547,521.284423828125,90.42066955566406
2025-10-29,268.7073974609375,537.130615234375,206.54515075683594,273.8578186035156,749.1289672851562,108.6664810180664,230.3000030517578,461.510009765625,101.60453033447266,66.58004760742188,301.2325134277344,51.482601165771484,767.9556884765625,113.17002868652344,149.22003173828125,182.48751831054688,22.698129653930664,213.5800018310547,581.9337768554688,91.39656829833984
2025-10-30,270.401123046875,521.469482421875,202.40505981445312,280.7498779296875,664.2169189453125,110.24365234375,222.86000061035156,440.1000061035156,101.37645721435547,67.19373321533203,305.10748291015625,51.9232063293457,774.9186401367188,111.45960235595703,147.69992065429688,184.88351440429688,22.698129653930664,200.0800018310547,579.6080932617188,89.20079803466797
2025-10-31,269.37493896484375,513.5844116210938,202.00604248046875,280.46063232421875,646.158203125,111.01251983642578,244.22000122070312,456.55999755859375,100.33521270751953,67.11579895019531,306.7639465332031,52.334442138671875,774.1439208984375,111.13890075683594,151.74069213867188,184.70745849609375,23.03453826904297,201.02000427246094,573.7537841796875,90.47696685791016
2025-11-03,268.05975341796875,512.810791015625,206.3855438232422,282.9840393066406,635.55419921875,110.51966094970703,254.0,468.3699951171875,100.7417984008789,66.20988464355469,305.0187683105469,52.44214630126953,770.3682250976562,110.55580139160156,148.20021057128906,182.15501403808594,23.043882369995117,204.5500030517578,567.1243286132812,88.29058074951172
2025-11-04,269.0461730957031,510.1327819824219,198.21511840820312,276.8200988769531,625.1992797851562,109.8789291381836,249.32000732421875,444.260009765625,101.4161148071289,66.88202667236328,304.920166015625,52.42256546020508,775.5757446289062,110.92508697509766,147.57485961914062,182.7417755126953,22.707473754882812,198.0500030517578,544.2540893554688,87.50235748291016
2025-11-05,269.14581298828125,503.02130126953125,194.74342346191406,283.5725402832031,633.8001708984375,109.77050018310547,250.1999969482422,462.07000732421875,100.622802734375,66.73590087890625,307.3161315917969,51.35531234741211,777.792236328125,110.47805786132812,146.87254333496094,181.90072631835938,22.997156143188477,197.6199951171875,565.6930541992188,87.18331909179688
2025-11-06,268.7771301269531,493.04339599609375,187.63047790527344,284.0113830566406,616.8475952148438,108.91291809082031,243.0399932861328,445.9100036621094,100.83104705810547,67.27165985107422,309.0317687988281,52.17778015136719,772.388427734375,111.27494812011719,147.1419219970703,182.84934997558594,23.2214298248291,196.5,566.3192138671875,87.8307876586914
2025-11-07,267.48193359375,492.76568603515625,187.70028686523438,278.1067199707031,619.6082153320312,109.15934753417969,244.41000366210938,429.5199890136719,101.73344421386719,68.72307586669922,309.8106994628906,52.089656829833984,771.17236328125,113.91835021972656,149.14306640625,182.45819091796875,23.230937957763672,194.61000061035156,559.6798095703125,90.03594207763672
2025-11-10,268.6986083984375,501.87078857421875,198.57424926757812,289.3475341796875,629.624267578125,110.637939453125,248.39999389648438,445.2300109863281,101.56486511230469,68.69384765625,312.45318603515625,52.30506896972656,781.8229370117188,114.89018249511719,149.74916076660156,184.2576141357422,23.192901611328125,194.80999755859375,567.3826904296875,87.32406616210938
2025-11-11,274.5028076171875,504.5289001464844,192.69833374023438,290.5543518066406,624.9600830078125,113.210693359375,249.10000610351562,439.6199951171875,102.57635498046875,69.75563049316406,311.200927734375,52.510684967041016,794.6799926757812,116.40623474121094,150.3168182373047,189.55816650390625,24.257930755615234,195.2100067138672,564.48046875,89.17264556884766
2025-11-12,272.7276611328125,506.9688415527344,193.3367919921875,285.96630859375,606.9511108398438,114.98499298095703,244.1999969482422,430.6000061035156,102.57635498046875,69.65821838378906,315.92388916015625,52.98066711425781,822.7871704101562,114.79299926757812,147.5075225830078,190.10581970214844,24.600261688232422,195.5,569.53955078125,90.25176239013672
2025-11-13,272.2090759277344,499.1828918457031,186.41339111328125,277.847412109375,607.8281860351562,106.07403564453125,237.5800018310547,401.989990234375,101.68386840820312,69.2296142578125,305.14697265625,51.766544342041016,789.9627685546875,115.4441146850586,149.68182373046875,190.94686889648438,24.524187088012695,194.5800018310547,550.1878051757812,90.0547103881836
2025-11-14,271.6705017089844,506.0166320800781,189.71546936035156,275.6930236816406,607.3997192382812,104.28987121582031,234.69000244140625,404.3500061035156,101.6243667602539,69.3172836303711,299.35906982421875,51.5119743347168,775.6541748046875,116.94403839111328,151.64447021484375,191.61187744140625,23.830015182495117,194.52000427246094,550.6649780273438,90.06409454345703
2025-11-17,266.73394775390625,503.3486328125,186.15402221679688,284.2806701660156,599.9747924804688,104.18143463134766,232.8699951171875,408.9200134277344,102.0904312133789,68.8497085571289,296.1644592285156,50.40555953979492,760.6002807617188,115.36568450927734,148.95065307617188,195.1814422607422,23.849035263061523,191.80999755859375,548.6968994140625,89.92088317871094
2025-11-18,266.7140197753906,489.7604064941406,180.92654418945312,283.5426330566406,595.66943359375,104.76300811767578,222.5500030517578,401.25,100.54346466064453,69.37572479248047,295.2179260253906,50.56222152709961,761.3260498046875,116.68914031982422,149.44679260253906,195.59217834472656,24.200876235961914,189.6300048828125,543.558349609375,88.62252807617188
2025-11-19,267.8309631347656,483.14483642578125,186.07420349121094,292.05047607421875,588.3243408203125,103.17599487304688,222.69000244140625,403.989990234375,99.76997375488281,69.2685775756836,299.0238342285156,50.934288024902344,770.8291015625,115.04218292236328,147.57894897460938,198.04685974121094,23.658851623535156,185.6999969482422,549.75048828125,88.22156524658203
2025-11-20,265.5272521972656,475.41387939453125,180.20823669433594,288.69921875,587.1583862304688,101.2341079711914,217.13999938964844,395.2300109863281,106.21570587158203,69.36598205566406,294.20233154296875,49.935577392578125,758.776123046875,114.71866607666016,146.2266845703125,198.5945281982422,23.202411651611328,179.3800048828125,542.8129272460938,86.75137329101562
2025-11-21,270.75299072265625,469.1436462402344,178.4524688720703,298.8827209472656,592.2410888671875,102.79155731201172,220.69000244140625,391.0899963378906,104.4406509399414,71.06092071533203,293.84735107421875,50.48388671875,759.0997314453125,114.7774887084961,145.90567016601562,199.40621948242188,23.81100082397461,179.6999969482422,547.0867309570312,90.36958312988281
2025-11-24,275.1709899902344,471.0118103027344,182.11370849609375,317.7535705566406,610.9774780273438,100.4849624633789,226.27999877929688,417.7799987792969,103.19116973876953,70.71025085449219,293.8276672363281,50.846168518066406,775.4580688476562,113.68932342529297,145.68191528320312,201.50885009765625,23.98216438293457,179.1199951171875,556.2011108398438,89.31944274902344
2025-11-25,276.2181701660156,473.98297119140625,177.39501953125,322.6010437011719,634.0691528320312,101.83539581298828,229.6699981689453,419.3999938964844,106.10662841796875,70.729736328125,298.7576599121094,51.38468551635742,786.8441162109375,112.25802612304688,144.49505615234375,203.39845275878906,24.457622528076172,182.44000244140625,563.16845703125,90.25502014160156
2025-11-26,276.79656982421875,482.4393310546875,179.8291473388672,319.1200866699219,631.468017578125,101.95369720458984,229.16000366210938,426.5799865722656,108.18910217285156,70.99273681640625,303.33270263671875,51.88404846191406,800.27001953125,112.51292419433594,145.4484405517578,204.27435302734375,24.448110580444336,186.9199981689453,570.2452392578125,91.33380126953125
2025-11-28,278.0930480957031,488.9082946777344,176.57696533203125,319.3494873046875,645.7595825195312,102.97884368896484,233.22000122070312,430.1700134277344,109.58732604980469,71.22652435302734,308.6965026855469,52.530269622802734,810.1065063476562,113.64029693603516,147.02442932128906,203.64450073242188,24.476640701293945,189.0,572.262939453125,91.44837188720703
2025-12-01,282.3315124511719,483.6714782714844,179.48997497558594,314.0732116699219,638.7034301757812,105.24601745605469,233.8800048828125,430.1400146484375,110.59880828857422,70.57909393310547,304.5947570800781,52.12882614135742,795.2193603515625,114.33634185791016,148.3961181640625,202.08950805664062,24.02971076965332,186.4600067138672,564.6096801757812,90.90420532226562
2025-12-02,285.4131164550781,486.91094970703125,181.02630615234375,314.9908447265625,644.912353515625,103.33370971679688,234.4199981689453,429.239990234375,111.47146606445312,69.32347869873047,303.5693359375,52.07986831665039,803.448974609375,113.11092376708984,146.1683349609375,202.16822814941406,23.915597915649414,205.3800048828125,578.93212890625,91.24789428710938
2025-12-03,283.378662109375,474.7182922363281,179.1607666015625,318.8009033203125,637.437744140625,104.230712890625,232.3800048828125,446.739990234375,113.45476531982422,69.4608154296875,307.75982666015625,52.961082458496094,824.5007934570312,115.48333740234375,147.471923828125,202.0796661376953,24.314985275268555,202.5399932861328,587.8973388671875,93.75867462158203
2025-12-04,279.9380187988281,477.8087158203125,182.95188903808594,316.79608154296875,659.2936401367188,103.9645767211914,229.11000061035156,454.5299987792969,113.88116455078125,69.10767364501953,311.67425537109375,53.02962112426758,825.7425537109375,114.83631134033203,148.12371826171875,199.2747802734375,24.43860626220703,201.8699951171875,595.5108642578125,90.46505737304688
2025-12-05,278.0232238769531,480.11407470703125,181.98416137695312,320.4366455078125,671.1434936523438,103.79700469970703,229.52999877929688,455.0,114.14891815185547,68.66625213623047,310.62908935546875,53.0985221862793,842.231201171875,114.24811553955078,145.9251251220703,198.73348999023438,24.752408981323242,201.88999938964844,599.5064086914062,90.570068359375
2025-12-08,277.1356506347656,487.92449951171875,185.11683654785156,313.11090087890625,664.5457763671875,106.09374237060547,226.88999938964844,439.5799865722656,112.61185455322266,68.91149139404297,310.79669189453125,53.04930877685547,854.1862182617188,113.6991195678711,144.67018127441406,198.4283905029297,24.505168914794922,206.27000427246094,592.876953125,91.21924591064453
2025-12-09,276.42755126953125,488.918212890625,184.53817749023438,316.4643859863281,654.7390747070312,105.49244689941406,227.9199981689453,445.1700134277344,114.09932708740234,68.75453186035156,296.30255126953125,52.69499206542969,863.93359375,115.92448425292969,144.45614624023438,196.794677734375,24.08676528930664,200.3699951171875,590.7498779296875,92.57489013671875
2025-12-10,278.0232238769531,475.5430603027344,183.35096740722656,319.58831787109375,647.9321899414062,107.27661895751953,231.77999877929688,451.45001220703125,112.23503875732422,68.87225341796875,305.76806640625,53.226470947265625,876.4109497070312,117.1891098022461,147.29681396484375,203.2705078125,24.514680862426758,198.72000122070312,611.6124267578125,95.12387084960938
2025-12-11,277.2752685546875,480.4221496582031,180.50759887695312,311.82342529296875,650.5034790039062,109.86907196044922,230.27999877929688,446.8900146484375,114.55548858642578,67.79320526123047,312.9363098144531,53.698890686035156,897.8865966796875,117.1891098022461,146.62554931640625,206.68557739257812,24.533695220947266,200.7100067138672,621.8101196289062,95.92579650878906
2025-12-12,277.52459716796875,475.5132751464844,174.6114044189453,308.68951416015625,642.0521240234375,110.007080078125,226.19000244140625,458.9599914550781,115.96154022216797,69.17634582519531,314.06036376953125,54.26973342895508,875.1494140625,116.4832763671875,145.91542053222656,208.23072814941406,24.58124351501465,204.3800048828125,594.258544921875,96.3458480834961
2025-12-15,273.3658752441406,471.82666015625,175.87841796875,307.62158203125,645.8473510742188,109.64981079101562,222.5399932861328,475.30999755859375,116.05097961425781,69.61776733398438,315.53936767578125,54.45674133300781,876.7559204101562,115.44412231445312,145.73056030273438,210.7797393798828,25.132776260375977,205.5,586.1779174804688,95.53437805175781
2025-12-16,273.8645324707031,473.38677978515625,177.3050994873047,305.97479248046875,655.462646484375,110.77122497558594,222.55999755859375,489.8800048828125,114.68964385986328,69.02920532226562,311.1319580078125,53.9449462890625,866.4664916992188,112.42469024658203,142.76341247558594,205.98683166503906,24.27695083618164,206.7100067138672,585.3529663085938,95.57256317138672
2025-12-17,271.10205078125,473.1184387207031,170.54092407226562,296.1439208984375,647.832275390625,109.78874969482422,221.27000427246094,467.260009765625,114.92813110351562,69.32347869873047,310.5699157714844,53.689048767089844,859.744873046875,115.10100555419922,145.45816040039062,207.00051879882812,23.81100082397461,206.3300018310547,558.4771728515625,96.38404083251953
2025-12-18,271.4511413574219,480.9289245605469,173.73345947265625,301.872802734375,662.7438354492188,111.01932525634766,226.75999450683594,483.3699951171875,114.10337829589844,69.0193862915039,308.61767578125,53.40362548828125,863.6575317382812,114.24811553955078,143.67788696289062,205.0124969482422,23.81100082397461,208.27000427246094,562.3932495117188,97.45327758789062
2025-12-19,272.9271240234375,482.856689453125,180.56748962402344,306.56365966796875,657.0784301757812,110.39411163330078,227.35000610351562,481.20001220703125,113.63634490966797,68.72510528564453,312.7686767578125,54.39768600463867,880.5897216796875,114.3951644897461,143.7362518310547,203.1031951904297,23.953638076782227,214.0800018310547,572.7201538085938,97.30052185058594
2025-12-22,270.23443603515625,481.86297607421875,183.26116943359375,309.17852783203125,659.8014526367188,111.52543640136719,228.42999267578125,488.7300109863281,111.88748931884766,68.87225341796875,318.56634521484375,54.9980583190918,886.0300903320312,115.82645416259766,145.73056030273438,204.03817749023438,23.972652435302734,216.83999633789062,578.8724975585938,96.16447448730469
2025-12-23,271.62066650390625,483.7807922363281,188.76829528808594,313.73968505859375,663.2325439453125,112.35905456542969,232.13999938964844,485.55999755859375,110.1982421875,68.53873443603516,321.3666076660156,55.086639404296875,888.7009887695312,117.07147216796875,146.42124938964844,202.5225372314453,23.658851623535156,216.85000610351562,578.8824462890625,95.64894104003906
2025-12-24,273.06671142578125,484.94342041015625,188.169677734375,313.4801940917969,665.8358764648438,113.6094741821289,232.3800048828125,485.3999938964844,110.90374755859375,68.77415466308594,324.5612487792969,55.36221694946289,897.6401977539062,116.87540435791016,146.4115447998047,204.49087524414062,23.801490783691406,218.16000366210938,580.21435546875,96.09764862060547
2025-12-26,272.6578369140625,484.6354064941406,190.085205078125,312.9013366699219,661.5868530273438,112.69646453857422,232.52000427246094,475.19000244140625,111.0329360961914,68.53873443603516,323.3188781738281,55.28348159790039,893.9541015625,116.767578125,145.94459533691406,204.34324645996094,23.858543395996094,216.44000244140625,579.4589233398438,95.98307800292969
2025-12-29,273.0168762207031,484.02923583984375,187.7805938720703,312.95123291015625,656.9986572265625,113.3216781616211,232.07000732421875,459.6400146484375,111.81792449951172,68.82321166992188,319.2171325683594,54.47642135620117,879.3084716796875,118.1596450805664,146.8882293701172,204.27435302734375,23.77296257019043,217.25,575.0956420898438,95.16205596923828
2025-12-30,272.3387145996094,484.4068603515625,187.1021728515625,313.24066162109375,664.239990234375,113.9171142578125,232.52999877929688,454.42999267578125,111.21178436279297,68.73492431640625,318.89178466796875,54.407527923583984,871.660400390625,118.610595703125,148.17237854003906,203.63465881347656,23.763450622558594,218.5,573.8829956054688,95.12387084960938
2025-12-31,271.12200927734375,480.5711669921875,186.06460571289062,312.3923034667969,658.39501953125,112.90486907958984,230.82000732421875,449.7200012207031,110.70502471923828,68.57796478271484,317.70855712890625,54.1319465637207,866.318603515625,117.97337341308594,148.2696533203125,203.6740264892578,23.67786979675293,217.1199951171875,569.3905029296875,94.69426727294922
2026-01-02,270.2743225097656,469.95849609375,188.4091339111328,314.5381164550781,648.7398681640625,110.99947357177734,226.5,438.07000732421875,112.04647827148438,67.80302429199219,320.92291259765625,55.06695556640625,901.1488037109375,120.23796081542969,151.6648406982422,204.06768798828125,23.944128036499023,227.77000427246094,594.7753295898438,96.44131469726562
2026-01-05,266.5345153808594,469.86907958984375,187.6808319091797,315.9254455566406,657.098388671875,113.20259094238281,233.05999755859375,451.6700134277344,111.99678802490234,66.6455078125,329.36309814453125,55.99211883544922,934.7568359375,122.89466094970703,159.39889526367188,201.0758056640625,23.93461799621582,228.1300048828125,612.3578491210938,97.37689971923828
2026-01-06,261.6477966308594,475.4933776855469,186.80288696289062,313.7297058105469,658.9236450195312,113.69879150390625,240.92999267578125,432.9599914550781,113.61647033691406,66.54740142822266,331.41326904296875,56.346435546875,941.6853637695312,118.66941833496094,152.28746032714844,201.54820251464844,24.181856155395508,229.83999633789062,619.3054809570312,100.45095825195312
2026-01-07,259.623291015625,480.4221496582031,188.66851806640625,321.3548889160156,647.0242919921875,112.0514144897461,241.55999755859375,431.4100036621094,112.00672912597656,66.25312042236328,323.8660583496094,54.761844635009766,927.44384765625,116.15975952148438,150.98387145996094,204.20547485351562,24.03921890258789,228.1199951171875,592.8968505859375,100.6323471069336
2026-01-08,258.3368225097656,475.0959167480469,184.60800170898438,324.80816650390625,644.4010620117188,113.30182647705078,246.2899932861328,435.79998779296875,112.35450744628906,68.04826354980469,326.63934326171875,55.2933235168457,921.3431396484375,120.49284362792969,154.92384338378906,202.49301147460938,24.048728942871094,227.3800048828125,604.4363403320312,102.12164306640625
2026-01-09,258.6659240722656,476.258544921875,184.42843627929688,327.9320983886719,651.3831176757812,114.99882507324219,247.3800048828125,445.010009765625,113.8052749633789,69.16654205322266,326.0450744628906,54.968528747558594,925.4332885742188,122.15940856933594,157.70616149902344,201.154541015625,24.229402542114258,234.52999877929688,613.86865234375,103.16223907470703
2026-01-12,259.5435485839844,474.1717529296875,184.5082550048828,331.2156982421875,640.321533203125,111.96209716796875,246.47000122070312,448.9599914550781,117.22350311279297,69.15672302246094,321.3899841308594,54.31895065307617,935.850830078125,121.59081268310547,157.92990112304688,206.40017700195312,24.02971076965332,239.80999755859375,625.9448852539062,103.13359832763672
2026-01-13,260.34136962890625,467.70281982421875,185.376220703125,335.31768798828125,629.4695434570312,112.12088012695312,242.60000610351562,447.20001220703125,119.59837341308594,69.88262176513672,307.9298095703125,53.67920684814453,924.6152954101562,124.05145263671875,159.4183349609375,210.2679443359375,23.915597915649414,244.5500030517578,632.663818359375,101.74932098388672
2026-01-14,259.2543029785156,456.4840087890625,182.7124481201172,335.1879577636719,613.939453125,112.66669464111328,236.64999389648438,439.20001220703125,119.28040313720703,70.07882690429688,304.9287414550781,51.6517219543457,919.21435546875,127.63947296142578,162.69677734375,215.09039306640625,24.324493408203125,242.61000061035156,634.870361328125,102.53215026855469
2026-01-15,257.5090637207031,453.7811279296875,186.61331176757812,332.1339111328125,619.2058715820312,112.54761505126953,238.17999267578125,438.57000732421875,118.44572448730469,69.1371078491211,306.30548095703125,51.75998306274414,961.7811889648438,126.59051513671875,161.64613342285156,216.09425354003906,24.619277954101562,247.74000549316406,643.2491455078125,103.69685363769531
2026-01-16,254.8363494873047,456.9609375,185.79522705078125,329.35931396484375,618.6573486328125,110.35440826416016,239.1199951171875,437.5,118.94255828857422,69.09786987304688,309.48480224609375,52.13398742675781,948.1212158203125,127.33555603027344,161.743408203125,215.1986541748047,24.39105796813965,247.67999267578125,642.9609375,102.06436157226562
2026-01-20,246.0303192138672,451.65460205078125,177.654296875,321.3748474121094,602.5687255859375,109.5009536743164,231.0,419.25,117.95882415771484,70.3829116821289,299.8477478027344,51.27771759033203,929.7599487304688,127.89437866210938,160.8094940185547,214.75579833984375,24.267438888549805,249.0,626.6422729492188,101.71113586425781
2026-01-21,246.9777374267578,441.3102111816406,182.8920440673828,327.7424621582031,611.3860473632812,112.32928466796875,231.30999755859375,431.44000244140625,118.6047134399414,70.63795471191406,299.15447998046875,51.248191833496094,939.2608642578125,130.98240661621094,162.2006378173828,214.55894470214844,24.619277954101562,250.07000732421875,642.9609375,103.56320190429688
2026-01-22,247.67584228515625,448.29595947265625,184.40847778320312,329.8982849121094,645.967041015625,112.34912872314453,234.33999633789062,449.3599853515625,117.08439636230469,70.50061798095703,300.729248046875,51.622196197509766,940.8772583007812,131.01182556152344,162.13253784179688,215.03135681152344,24.818971633911133,251.41000366210938,645.9795532226562,104.34603118896484
2026-01-23,247.36666870117188,463.0125732421875,187.23187255859375,327.2933044433594,657.0684204101562,110.13609313964844,239.16000366210938,449.05999755859375,116.98502349853516,71.49137878417969,294.875732421875,50.90371322631836,905.623291015625,132.315673828125,162.19091796875,216.6552276611328,24.799633026123047,252.14999389648438,624.271240234375,103.08586120605469
2026-01-26,254.7166748046875,467.3152770996094,186.03468322753906,332.61297607421875,670.6334838867188,110.46357727050781,238.4199981689453,435.20001220703125,116.89559936523438,71.17747497558594,298.1640319824219,51.19898223876953,918.416015625,132.18820190429688,162.94973754882812,217.98387145996094,25.022008895874023,248.42999267578125,633.536376953125,102.12164306640625
2026-01-27,257.5688781738281,477.5503234863281,188.07989501953125,333.90045166015625,671.241943359375,109.76890563964844,244.67999267578125,430.8999938964844,116.20002746582031,72.14861297607422,297.44097900390625,51.34661102294922,916.306884765625,134.1390838623047,164.45762634277344,220.88717651367188,25.621456146240234,244.55999755859375,636.51513671875,102.34121704101562
2026-01-28,255.743896484375,478.5937194824219,191.0728759765625,335.3576354980469,667.0127563476562,108.72688293457031,243.00999450683594,431.4599914550781,115.8323745727539,71.6679458618164,297.89654541015625,50.99229431152344,923.2946166992188,134.8743438720703,165.31370544433594,224.11524963378906,25.00267219543457,241.58999633789062,640.8687744140625,98.99983978271484
2026-01-29,257.5788879394531,430.76715087890625,192.06057739257812,337.5932922363281,736.4141845703125,110.73152923583984,241.72999572753906,416.55999755859375,116.66705322265625,72.03089141845703,303.49261474609375,52.242252349853516,926.556884765625,137.7467041015625,166.53948974609375,223.69203186035156,25.234716415405273,234.0399932861328,662.7464599609375,101.1860580444336
2026-01-30,258.775634765625,427.577392578125,190.68380737304688,337.34375,714.6602172851562,111.94225311279297,239.3000030517578,430.4100036621094,118.3861083984375,73.38459777832031,302.9676818847656,52.360355377197266,921.914794921875,138.61920166015625,172.0943603515625,223.65267944335938,25.563444137573242,233.72000122070312,654.8959350585938,101.4056396484375
2026-02-02,269.2770690917969,420.70098876953125,185.1766815185547,343.0227355957031,704.5960693359375,103.6557388305664,242.9600067138672,421.80999755859375,123.27496337890625,73.89469909667969,305.1961669921875,53.17725372314453,932.6773071289062,135.67820739746094,169.30230712890625,227.09727478027344,25.77614974975586,233.02000427246094,688.3201904296875,105.27206420898438
2026-02-03,268.7485046386719,408.61767578125,179.91897583007812,339.0504455566406,689.9238891601562,103.427490234375,238.6199951171875,421.9599914550781,126.90187072753906,75.42496490478516,311.8420715332031,53.59062957763672,925.4431762695312,140.90338134765625,173.20338439941406,229.41006469726562,24.91565704345703,233.14999389648438,700.25537109375,106.78044891357422
2026-02-04,275.7394104003906,411.5788879394531,173.78335571289062,332.3934326171875,667.2721557617188,106.23597717285156,232.99000549316406,406.010009765625,127.19003295898438,75.87621307373047,314.23895263671875,54.505950927734375,900.1237182617188,144.68746948242188,176.30673217773438,230.75839233398438,25.892173767089844,235.9499969482422,689.2268676757812,111.44882202148438
2026-02-05,275.1610412597656,391.1882629394531,171.47874450683594,330.6069030761719,668.4890747070312,104.17179107666016,222.69000244140625,397.2099914550781,126.13675689697266,77.01410675048828,307.1968688964844,54.07289123535156,877.56396484375,143.20716857910156,174.36105346679688,234.02581787109375,25.611787796020508,236.9499969482422,675.7674560546875,111.2674331665039
2026-02-06,277.364990234375,398.6111755371094,184.97715759277344,322.233154296875,659.7615356445312,107.87342071533203,210.32000732421875,411.1099853515625,130.34991455078125,77.5241928100586,319.3199462890625,55.63779830932617,915.3508911132812,146.11875915527344,175.94679260253906,236.19100952148438,26.317584991455078,243.02999877929688,723.4779663085938,112.02162170410156
2026-02-09,274.13079833984375,410.99261474609375,189.59634399414062,323.6903076171875,675.4810180664062,106.31536102294922,208.72000122070312,417.32000732421875,128.20358276367188,76.48440551757812,319.0228271484375,55.519691467285156,930.00634765625,148.23629760742188,177.6395263671875,234.8623809814453,26.153221130371094,244.7100067138672,739.3382568359375,112.5753402709961
2026-02-10,273.19244384765625,410.6646423339844,188.09983825683594,317.9614562988281,668.9976806640625,109.12384033203125,206.9600067138672,425.2099914550781,125.89826202392578,75.34648895263672,315.2392883300781,54.51579284667969,935.298828125,148.6088104248047,177.30874633789062,234.5769805908203,26.694656372070312,242.58999633789062,739.5873413085938,113.31997680664062
2026-02-11,275.00921630859375,401.8207702636719,189.60633850097656,310.35626220703125,666.9729614257812,107.29783630371094,204.0800018310547,428.2699890136719,127.95516204833984,77.1023941040039,307.8505554199219,53.00009536743164,930.96240234375,152.500732421875,180.7720489501953,237.0472412109375,26.810678482055664,236.25999450683594,772.0950317382812,114.5610580444336
2026-02-12,261.2637939453125,399.3067626953125,186.5035858154297,308.40008544921875,648.1414794921875,101.60147857666016,199.60000610351562,417.07000732421875,132.79434204101562,77.4947738647461,299.7487487792969,51.69108581542969,891.5,147.9611358642578,177.4449462890625,240.6788330078125,26.559295654296875,239.35000610351562,755.4476318359375,112.71853637695312
2026-02-13,255.32435607910156,398.7900085449219,182.38320922851562,305.12646484375,638.127197265625,104.64813232421875,198.7899932861328,417.44000244140625,133.0427703857422,77.18087005615234,299.6595764160156,51.72061538696289,892.08154296875,146.50057983398438,178.74856567382812,239.59622192382812,26.665651321411133,242.9600067138672,771.2980346679688,113.83551025390625
2026-02-17,263.4099426269531,394.3581237792969,184.53817749023438,301.4336242675781,637.6483764648438,104.63821411132812,201.14999389648438,410.6300048828125,128.03466796875,78.04409790039062,304.1958312988281,51.90761947631836,902.82421875,144.270263671875,177.36343383789062,239.4781494140625,26.462614059448242,244.0399932861328,761.8934326171875,111.81240844726562
2026-02-18,263.8791198730469,397.0808410644531,187.5411376953125,302.7410888671875,641.568359375,106.28559112548828,204.7899932861328,411.32000732421875,125.81877136230469,77.97543334960938,305.8300476074219,52.5178337097168,920.259033203125,148.7012939453125,180.62484741210938,241.1118621826172,26.462614059448242,238.92999267578125,749.1513061523438,112.40288543701172
2026-02-19,260.11578369140625,396.8517761230469,187.46133422851562,302.26202392578125,643.1243896484375,105.19395446777344,204.86000061035156,411.7099914550781,124.07984161376953,77.406494140625,305.10699462890625,51.9371452331543,903.4254760742188,148.98748779296875,181.51876831054688,243.00148010253906,25.969520568847656,233.7100067138672,757.6792602539062,111.84144592285156
2026-02-20,264.1086730957031,395.6267395019531,189.3768768310547,314.36846923828125,653.9763793945312,104.77715301513672,210.11000061035156,411.82000732421875,122.21174621582031,78.31876373291016,307.82086181640625,52.22256851196289,908.9347534179688,145.345947265625,180.68377685546875,238.6514434814453,25.766483306884766,232.02999877929688,756.8922119140625,112.99336242675781
2026-02-23,265.705810546875,382.9182434082031,191.10281372070312,310.88525390625,635.6137084960938,103.61605072021484,205.27000427246094,399.8299865722656,125.01390075683594,79.0250473022461,294.8262023925781,50.263973236083984,879.4366455078125,148.78024291992188,181.646484375,241.9484100341797,26.16288948059082,230.44000244140625,753.6344604492188,111.33808898925781
2026-02-24,271.6552429199219,387.429931640625,192.39979553222656,310.29638671875,637.6583862304688,105.24357604980469,208.55999755859375,409.3800048828125,125.94794464111328,79.18199157714844,294.459716796875,49.61438751220703,889.2529296875,147.29994201660156,182.0688934326172,243.66995239257812,26.240238189697266,233.38999938964844,765.3504028320312,111.67689514160156
2026-02-25,273.74151611328125,398.9831237792969,195.10345458984375,312.29248046875,652.011474609375,104.25118255615234,210.63999938964844,417.3999938964844,124.95427703857422,78.93675994873047,300.40240478515625,50.87418746948242,908.0872192382812,147.10256958007812,180.96865844726562,242.57171630859375,26.191896438598633,230.36000061035156,763.7364501953125,110.20555114746094
2026-02-26,272.4637756347656,400.0986022949219,184.45835876464844,306.783203125,655.322998046875,104.74738311767578,207.9199981689453,408.5799865722656,123.6326904296875,78.96619415283203,303.20538330078125,51.47456359863281,915.5972290039062,146.58938598632812,180.90972900390625,240.88973999023438,26.201562881469727,229.41000366210938,750.1077880859375,112.89655303955078
2026-02-27,263.7093811035156,391.15484619140625,176.77635192871094,311.1547546386719,646.515625,105.23365020751953,210.0,402.510009765625,127.14035034179688,80.00598907470703,297.4310607910156,49.04354476928711,847.1689453125,150.49740600585938,183.46383666992188,245.79718017578125,26.73332977294922,227.52999877929688,740.0455932617188,112.24800109863281
2026-03-02,264.2484130859375,396.9413757324219,182.0540008544922,305.92486572265625,651.8817749023438,103.53665924072266,208.38999938964844,403.32000732421875,126.29573822021484,78.69152069091797,294.7172546386719,49.023860931396484,853.7377319335938,152.19480895996094,186.2537078857422,245.92579650878906,26.356258392333984,229.74000549316406,749.5000610351562,110.7573013305664
2026-03-03,263.2801818847656,402.2996826171875,179.62965393066406,302.9906005859375,653.39794921875,102.51448822021484,208.72999572753906,392.42999267578125,127.10060119628906,77.82828521728516,297.3914489746094,49.18133544921875,854.609619140625,149.83619689941406,185.43836975097656,244.13497924804688,25.698802947998047,224.1199951171875,719.4730224609375,109.60540008544922
2026-03-04,262.0523376464844,403.5645751953125,182.61268615722656,302.54144287109375,666.015380859375,102.2564697265625,216.82000732421875,405.94000244140625,127.00123596191406,76.6119155883789,296.52978515625,49.50613021850586,859.2364501953125,147.85260009765625,182.74671936035156,242.70034790039062,25.737478256225586,227.30999755859375,729.226318359375,106.9627914428711
2026-03-05,259.8263244628906,409.0224304199219,182.91197204589844,300.29583740234375,658.8738403320312,101.63125610351562,218.94000244140625,405.54998779296875,122.52971649169922,75.56230163574219,290.74554443359375,49.023860931396484,827.7401733398438,148.78024291992188,186.5484161376953,237.09043884277344,25.727807998657227,222.05999755859375,703.433349609375,100.73861694335938
2026-03-06,257.0013427734375,407.30938720703125,177.40489196777344,297.9404296875,643.2041625976562,100.76787567138672,213.2100067138672,396.7300109863281,123.0166244506836,75.5721206665039,286.7144470214844,48.1429557800293,813.829833984375,149.22434997558594,186.58770751953125,237.85226440429688,26.153221130371094,231.11000061035156,678.3477783203125,99.08335876464844
2026-03-09,259.41705322265625,407.757568359375,182.2235870361328,305.98040771484375,645.7276611328125,100.886962890625,213.49000549316406,398.67999267578125,123.5531997680664,76.31764221191406,287.1502685546875,47.410518646240234,824.3418579101562,148.46444702148438,186.09652709960938,240.01907348632812,25.92117691040039,225.0,702.1781005859375,96.7408218383789
2026-03-10,260.3653564453125,404.122314453125,184.33863830566406,306.65960693359375,652.3905029296875,100.54954528808594,214.3300018310547,399.239990234375,124.32826232910156,76.39611053466797,285.97161865234375,48.06377410888672,826.1054077148438,146.18479919433594,183.0021209716797,241.12721252441406,26.25957489013672,217.75999450683594,713.9935913085938,97.689453125
2026-03-11,260.3453674316406,403.245849609375,185.60574340820312,308.31756591796875,653.178466796875,100.12281036376953,212.64999389648438,407.82000732421875,122.70857238769531,76.15087127685547,284.77313232421875,48.0241813659668,816.1482543945312,149.5894775390625,188.40505981445312,240.41482543945312,26.394933700561523,214.10000610351562,704.937744140625,97.57329559326172
2026-03-12,255.30438232421875,400.2380065917969,182.72235107421875,303.1739196777344,636.5413208007812,98.67391967773438,209.52999877929688,395.010009765625,124.53694152832031,76.13125610351562,280.1874084472656,46.64838790893555,780.2431640625,151.5138702392578,193.49363708496094,239.4748992919922,25.969520568847656,204.75999450683594,698.0635986328125,94.7564468383789
2026-03-13,249.6744384765625,393.9534912109375,179.83892822265625,301.9054870605469,612.1341552734375,98.53498077392578,207.6699981689453,391.20001220703125,125.71940612792969,76.38804626464844,280.7321472167969,46.242576599121094,774.9822387695312,154.06985473632812,193.34629821777344,238.96041870117188,25.698802947998047,209.88999938964844,691.388671875,94.09821319580078
2026-03-16,252.36964416503906,398.33575439453125,182.8021697998047,305.1814270019531,626.3746948242188,97.90977478027344,211.74000549316406,395.55999755859375,125.19275665283203,76.86214447021484,283.4261474609375,46.579105377197266,787.4261474609375,155.165283203125,193.3659210205078,240.6127166748047,25.727807998657227,213.47000122070312,697.156982421875,94.28213500976562
2026-03-17,253.77711486816406,397.7979431152344,181.5150909423828,310.5347900390625,621.5928344726562,99.53730010986328,215.1999969482422,399.2699890136719,124.28852081298828,76.62510681152344,284.1492004394531,46.796852111816406,799.582763671875,156.7245330810547,194.4759979248047,235.5865478515625,26.539960861206055,210.82000732421875,699.36865234375,94.64028930664062
2026-03-18,249.49476623535156,390.20867919921875,179.98858642578125,307.30877685546875,614.6248168945312,98.66399383544922,209.8699951171875,392.7799987792969,121.2081298828125,75.03491973876953,284.9910583496094,46.3514518737793,798.0371704101562,155.5205535888672,195.1046905517578,234.76535034179688,26.414268493652344,205.99000549316406,691.0200805664062,93.74005889892578
2026-03-19,248.5165252685547,387.4498596191406,178.1527862548828,306.7494812011719,605.6602172851562,98.44566345214844,208.75999450683594,380.29998779296875,120.3237533569336,74.62008666992188,285.2188415527344,46.52960968017578,802.02001953125,156.08306884765625,197.88475036621094,235.0819549560547,26.501285552978516,201.17999267578125,686.0687255859375,93.4690170288086
2026-03-20,247.54823303222656,380.3287048339844,172.30613708496094,300.6270751953125,592.642578125,98.75331115722656,205.3699951171875,367.9599914550781,118.50957489013672,73.8299331665039,283.8223571777344,46.678077697753906,806.0128173828125,157.5732421875,198.16961669921875,232.87557983398438,26.07587242126465,195.1199951171875,678.327880859375,92.79142761230469
2026-03-23,251.04200744628906,381.4541931152344,175.23944091796875,301.6857604980469,603.0247802734375,97.20516967773438,210.13999938964844,380.8500061035156,120.2022933959961,74.18550109863281,287.14031982421875,47.034400939941406,823.5889282226562,159.0140838623047,201.5882110595703,232.925048828125,25.882505416870117,198.41000366210938,699.06982421875,94.5434799194336
2026-03-24,251.1917266845703,371.2355651855469,174.80044555664062,290.0801696777344,591.9038696289062,95.65703582763672,207.24000549316406,383.0299987792969,121.5265884399414,73.75091552734375,289.6065368652344,47.64806365966797,827.9976806640625,163.20826721191406,203.14031982421875,232.77664184570312,26.066204071044922,196.4199981689453,713.94384765625,95.2888412475586
2026-03-25,252.16998291015625,369.5424499511719,178.2725067138672,290.5695495605469,593.8704833984375,95.22037506103516,211.7100067138672,385.95001220703125,122.5322494506836,74.32377624511719,292.59771728515625,48.2518310546875,834.061279296875,161.11610412597656,201.5292510986328,237.3872528076172,26.37559700012207,199.61000061035156,716.3447875976562,95.22107696533203
2026-03-26,252.43951416015625,364.4928894042969,170.8494873046875,280.5719909667969,546.6016235351562,94.02950286865234,207.5399932861328,372.1099853515625,121.6560287475586,73.77067565917969,288.8736267089844,47.74704360961914,815.0386352539062,163.25759887695312,204.12266540527344,236.70458984375,26.655981063842773,194.36000061035156,700.55419921875,94.3789291381836
2026-03-27,248.35679626464844,355.3300476074219,167.13795471191406,274.0000915527344,524.8190307617188,91.71721649169922,199.33999633789062,361.8299865722656,122.36298370361328,74.77812194824219,280.13787841796875,46.49002456665039,795.4711303710938,168.7445831298828,207.42335510253906,237.90174865722656,26.143552780151367,190.52000427246094,692.7933959960938,91.76536560058594
2026-03-30,246.19065856933594,357.5111999511719,164.79331970214844,273.1611633300781,535.4607543945312,93.60277557373047,200.9499969482422,355.2799987792969,122.9703598022461,75.33122253417969,281.0589904785156,46.74736022949219,800.1375732421875,169.21827697753906,206.99114990234375,239.92013549804688,26.84935188293457,189.2100067138672,664.9282836914062,91.91055297851562
2026-03-31,253.337890625,368.67596435546875,174.0022735595703,287.2037353515625,571.1494750976562,95.64710998535156,208.27000427246094,371.75,123.74702453613281,75.11393737792969,291.3497314453125,48.2518310546875,838.1728515625,167.4320526123047,203.2483673095703,241.84947204589844,27.14907455444336,199.02999877929688,705.804443359375,95.23075866699219
2026-04-01,255.17462158203125,367.8791809082031,175.3491973876953,297.0215759277344,578.2372436523438,95.82573699951172,210.57000732421875,381.260009765625,124.20504760742188,75.14356231689453,292.5580749511719,48.766517639160156,852.261474609375,158.66867065429688,193.92587280273438,241.53285217285156,27.603490829467773,207.32000732421875,727.58251953125,94.77581024169922
2026-04-02,255.464111328125,371.9526672363281,176.98544311523438,295.4035339355469,573.4755249023438,95.87535858154297,209.77000427246094,360.5899963378906,125.25054931640625,75.77568817138672,291.7855224609375,48.87539291381836,855.0653076171875,158.57984924316406,195.45834350585938,240.46429443359375,27.381118774414062,208.22000122070312,714.5315551757812,95.03716278076172
2026-04-06,258.3988342285156,371.3750305175781,177.23487854003906,299.61834716796875,572.0380249023438,95.54786682128906,212.7899932861328,352.82000732421875,126.24625396728516,76.26953887939453,294.125,49.54844665527344,858.0475463867188,161.2246551513672,195.35028076171875,238.41624450683594,26.90736198425293,212.3000030517578,718.5364990234375,94.04981231689453
2026-04-07,253.0484161376953,370.78741455078125,177.69383239746094,305.08154296875,574.064453125,95.05167388916016,213.77000427246094,346.6499938964844,121.9646987915039,74.97566223144531,296.0662536621094,49.766197204589844,856.1650390625,161.757568359375,197.98297119140625,235.8833770751953,26.201562881469727,210.0,721.7245483398438,94.44668579101562
2026-04-08,258.43878173828125,372.8191223144531,181.66476440429688,316.9268798828125,611.3704223632812,98.42581939697266,221.25,343.25,126.71424865722656,76.33866882324219,306.5888366699219,51.349849700927734,897.380615234375,154.16854858398438,189.4856414794922,238.7427520751953,26.559295654296875,217.8000030517578,768.6878662109375,97.2344970703125
2026-04-09,260.02593994140625,371.5642395019531,183.49058532714844,318.09539794921875,627.3130493164062,99.03118133544922,233.64999389648438,345.6199951171875,128.5762176513672,77.21771240234375,308.938232421875,52.171363830566406,895.3694458007812,153.00404357910156,187.0002899169922,238.7526397705078,26.317584991455078,220.05999755859375,784.1198120117188,98.38640594482422
2026-04-10,260.0159912109375,369.37310791015625,188.1998291015625,316.8469543457031,628.780517578125,98.4158935546875,238.3800048828125,348.95001220703125,126.2263412475586,76.5164566040039,308.4803161621094,52.00310134887695,899.4117431640625,150.5072479248047,185.2222442626953,235.93284606933594,26.027530670166016,217.6300048828125,787.6962890625,98.4444808959961
2026-04-13,258.73828125,382.8186340332031,188.87826538085938,320.91192626953125,633.4425659179688,100.41060638427734,239.88999938964844,352.4200134277344,124.03577423095703,75.4695053100586,312.2732238769531,52.80482482910156,882.5588989257812,150.63555908203125,188.39523315429688,235.43814086914062,26.43360710144043,222.13999938964844,788.7623291015625,98.75423431396484
2026-04-14,258.368896484375,391.5233459472656,196.0618438720703,332.49755859375,661.3546142578125,101.80988311767578,249.02000427246094,364.20001220703125,124.51372528076172,74.96578216552734,309.7247009277344,52.80482482910156,901.224853515625,147.28021240234375,183.71925354003906,237.5554656982422,26.211233139038086,223.77000427246094,791.2728881835938,99.91582489013672
2026-04-15,265.95538330078125,409.5602722167969,198.41647338867188,336.70233154296875,670.4290771484375,102.2564697265625,248.5,391.95001220703125,124.22496795654297,74.38304138183594,304.5579833984375,53.76491165161133,891.178466796875,147.05322265625,181.646484375,236.14060974121094,26.2885799407959,223.92999267578125,767.2831420898438,100.25462341308594
2026-04-16,262.9307556152344,418.56378173828125,197.8976593017578,335.6036682128906,675.7099609375,103.10992431640625,249.6999969482422,388.8999938964844,124.28470611572266,74.25464630126953,308.5599670410156,52.96318817138672,891.683837890625,149.98422241210938,184.8292999267578,232.0543670654297,26.317584991455078,218.8800048828125,769.7637329101562,101.6969223022461
2026-04-17,269.7486267089844,421.0835876464844,201.2200469970703,341.2566833496094,687.3699340820312,105.48175048828125,250.55999755859375,400.6199951171875,126.95321655273438,74.80774688720703,308.8984375,53.359100341796875,917.3939819335938,144.5169677734375,180.7427215576172,231.6981964111328,26.646312713623047,223.3800048828125,791.67138671875,103.03275299072266
2026-04-20,272.5635681152344,416.38262939453125,201.59918212890625,337.0019836425781,669.7601928710938,105.4916763305664,248.27999877929688,392.5,127.37140655517578,74.55094909667969,315.5683898925781,53.3986930847168,933.0381469726562,145.7406768798828,180.01577758789062,228.2451934814453,26.607641220092773,225.0800018310547,796.921630859375,103.68130493164062
2026-04-21,265.69586181640625,422.4480285644531,199.42417907714844,331.8783264160156,667.6937866210938,103.49696350097656,249.91000366210938,386.4200134277344,129.04421997070312,73.78054809570312,311.5962829589844,52.93349838256836,917.9884643554688,146.41175842285156,182.69760131835938,223.76319885253906,26.404600143432617,219.16000366210938,798.9678344726562,102.90691375732422
2026-04-22,272.68341064453125,431.1726989746094,202.03819274902344,338.8996276855469,673.5636596679688,104.0229263305664,255.36000061035156,387.510009765625,129.4225616455078,73.7114028930664,311.6161804199219,52.577171325683594,926.201904296875,147.5367889404297,183.03160095214844,223.70384216308594,25.911510467529297,231.27999877929688,807.3722534179688,101.92924499511719
2026-04-23,272.9429016113281,414.0719909667969,199.18470764160156,338.47015380859375,658.0203857421875,102.86183166503906,255.0800018310547,373.7200012207031,131.46377563476562,75.34109497070312,310.29217529296875,51.93381881713867,922.694580078125,148.5532684326172,184.2890167236328,228.20559692382812,25.785818099975586,234.14999389648438,833.6934204101562,104.27177429199219
2026-04-24,270.5771179199219,422.90618896484375,207.79502868652344,343.97332763671875,673.8731689453125,101.81980895996094,263.989990234375,376.29998779296875,129.3628387451172,75.6867904663086,306.8974609375,51.51810836791992,918.3451538085938,146.9545440673828,181.94119262695312,225.08900451660156,26.10487937927246,232.44000244140625,829.2516479492188,103.59417724609375
2026-04-27,267.1332702636719,423.1053771972656,216.1160125732422,349.9059753417969,677.4569702148438,101.57170867919922,261.1199951171875,378.6700134277344,127.04281616210938,74.51144409179688,310.232421875,52.09218215942383,929.1444091796875,146.24400329589844,181.51876831054688,222.95187377929688,25.90184211730957,231.3300018310547,827.2553100585938,104.77513122558594
2026-04-28,270.2277526855469,427.5174865722656,212.68385314941406,349.3466796875,670.189453125,100.69840240478516,259.70001220703125,376.0199890136719,127.04281616210938,77.3856201171875,310.0532531738281,52.12187576293945,917.9884643554688,148.58287048339844,185.0355987548828,225.37591552734375,25.60211753845215,230.72000122070312,816.3555908203125,100.61278533935547
2026-04-29,269.688720703125,422.746826171875,208.77279663085938,349.5064392089844,667.9732666015625,100.52970123291016,263.0400085449219,372.79998779296875,127.46102142333984,77.89922332763672,307.86309814453125,52.339630126953125,897.2319946289062,152.63890075683594,188.8274688720703,224.9405975341797,25.38941192626953,224.11000061035156,808.550048828125,103.19731140136719
2026-04-30,270.86663818359375,406.1341552734375,199.11488342285156,384.3232421875,610.8612670898438,102.96106719970703,265.05999755859375,381.6300048828125,131.3642120361328,77.79057312011719,311.82525634765625,52.913700103759766,915.2341918945312,152.30335998535156,189.8982391357422,227.41409301757812,25.8148250579834,229.02999877929688,888.4617919921875,105.31720733642578
2026-05-01,279.6409606933594,412.76727294921875,197.99742126464844,385.2121887207031,607.7067260742188,102.2961654663086,268.260009765625,390.82000732421875,131.03562927246094,77.61279296875,311.06866455078125,52.69594955444336,915.1747436523438,150.74411010742188,187.2655487060547,224.7822723388672,25.457090377807617,227.3800048828125,888.0225830078125,104.12657928466797
2026-05-04,276.33685302734375,411.9505615234375,198.02734375,382.7751770019531,609.3638916015625,100.53961944580078,272.04998779296875,392.510009765625,129.77108764648438,77.22759246826172,306.270263671875,51.65667724609375,894.923583984375,151.67176818847656,188.8863983154297,221.82395935058594,25.428083419799805,221.3000030517578,873.1602172851562,93.22702026367188
2026-05-05,283.67376708984375,409.7196044921875,196.05186462402344,387.9487609863281,603.9232177734375,99.71593475341797,273.54998779296875,389.3699951171875,130.22909545898438,77.51402282714844,308.0124206542969,52.577171325683594,910.3992309570312,152.8461456298828,189.24005126953125,223.15966796875,25.57311248779297,224.3800048828125,902.9150390625,94.93067932128906
2026-05-06,286.9978332519531,412.2891845703125,207.3560333251953,397.546875,611.8296508789062,107.23828887939453,274.989990234375,398.7300109863281,129.52215576171875,78.25479888916016,313.4877624511719,53.052268981933594,928.6886596679688,146.7374267578125,181.89207458496094,222.23951721191406,25.650461196899414,229.92999267578125,925.213623046875,96.69242095947266
2026-05-07,286.9279479980469,419.07171630859375,211.01766967773438,397.4969177246094,615.7529296875,107.83373260498047,271.1700134277344,411.7900085449219,129.64163208007812,77.46463775634766,304.8964538574219,52.21095657348633,917.3147583007812,144.65513610839844,179.2790069580078,220.15185546875,25.60211753845215,231.02999877929688,894.031494140625,96.89569854736328
2026-05-08,292.7974853515625,413.44451904296875,214.709228515625,400.3034362792969,608.5852661132812,107.19859313964844,272.67999267578125,428.3500061035156,130.1184844970703,77.45476531982422,300.74517822265625,50.78567123413086,927.8267211914062,142.67153930664062,178.41455078125,218.9744873046875,25.238479614257812,237.36000061035156,895.7882080078125,97.5539321899414
2026-05-11,292.42779541015625,410.99444580078125,218.93955993652344,388.1585388183594,597.8336791992188,103.92369079589844,268.989990234375,445.0,127.28527069091797,77.69181060791016,298.6545715332031,50.0334358215332,936.1292114257812,147.7144317626953,181.4794921875,219.08331298828125,25.36624526977539,238.2100067138672,925.0738525390625,96.79889678955078
2026-05-12,294.54595947265625,406.1241760253906,220.27650451660156,386.8701171875,601.966552734375,105.35274505615234,265.82000732421875,433.45001220703125,130.0386962890625,79.0449447631836,303.5126953125,50.261085510253906,937.15966796875,148.65196228027344,182.66812133789062,221.88333129882812,25.425214767456055,236.8699951171875,910.4510498046875,95.2888412475586
2026-05-13,298.6124572753906,403.57452392578125,225.3149871826172,402.1211853027344,615.5732421875,104.10232543945312,270.1300048828125,445.2699890136719,131.156005859375,79.2721176147461,298.9034729003906,49.330692291259766,946.5916748046875,149.57962036132812,182.71725463867188,227.97804260253906,25.5136661529541,240.60000610351562,900.6292114257812,95.29851531982422
2026-05-14,297.9530334472656,407.7774658203125,235.202392578125,400.5731201171875,617.3701171875,104.61836242675781,267.2200012207031,443.29998779296875,132.14364624023438,79.45977020263672,298.56500244140625,49.3405876159668,960.006591796875,150.77371215820312,183.345947265625,228.35401916503906,25.307275772094727,229.2100067138672,918.5159912109375,95.26947784423828
2026-05-15,299.9713134765625,420.2170715332031,224.80616760253906,396.2884216308594,613.1773071289062,101.93889617919922,264.1400146484375,422.239990234375,131.1360626220703,79.82522583007812,296.4743957519531,49.261409759521484,939.7058715820312,156.90402221679688,187.72723388671875,224.307373046875,24.89449691772461,220.49000549316406,886.6651611328125,95.76315307617188
2026-05-18,297.5833435058594,421.83056640625,221.81300354003906,396.4482421875,610.1625366210938,103.1198501586914,264.8599853515625,409.989990234375,133.02154541015625,80.2005386352539,299.3813171386719,50.17200469970703,937.6154174804688,159.45748901367188,192.65863037109375,226.4939422607422,24.89449691772461,220.61000061035156,862.3502807617188,94.03076934814453
2026-05-19,298.7123718261719,415.7352600097656,220.1068878173828,387.1797180175781,601.5772094726562,101.51216888427734,259.3399963378906,404.1099853515625,133.87948608398438,80.91167449951172,294.3738708496094,50.18190383911133,920.1582641601562,161.50424194335938,195.54345703125,227.56248474121094,25.21882438659668,215.00999450683594,858.5573120117188,95.31037139892578
2026-05-20,301.98956298828125,419.36053466796875,222.9603729248047,388.4281921386719,604.0230712890625,103.28855895996094,265.010009765625,417.260009765625,130.53749084472656,80.54623413085938,300.625732421875,50.706485748291016,973.0449829101562,155.27456665039062,189.6746826171875,226.88970947265625,25.346590042114258,222.1999969482422,870.9442749023438,97.318359375
2026-05-21,304.7271728515625,418.3025207519531,219.0093994140625,387.1797180175781,606.339111328125,102.7923583984375,268.4599914550781,417.8500061035156,121.05020141601562,80.17091369628906,301.6411437988281,50.96383285522461,979.0390625,154.2909393310547,189.35743713378906,229.27415466308594,25.50383949279785,219.61000061035156,864.3465576171875,96.70808410644531
2026-05-22,308.55389404296875,417.7835388183594,214.83892822265625,382.49554443359375,609.214111328125,102.21676635742188,266.32000732421875,426.010009765625,119.98275756835938,80.47710418701172,305.0059814453125,51.27066421508789,987.52001953125,153.92332458496094,189.7738037109375,231.85650634765625,25.454696655273438,219.02000427246094,878.2607421875,99.43460845947266
2026-05-26,308.0643005371094,415.248291015625,214.37001037597656,388.3982238769531,611.2906494140625,102.49463653564453,265.2900085449219,433.5899963378906,118.28681945800781,79.46965789794922,305.3643493652344,51.66657638549805,985.3304443359375,148.84619140625,183.11195373535156,229.0503387451172,25.40555763244629,218.89999389648438,906.86767578125,100.36970520019531
2026-05-27,310.5821533203125,411.8946228027344,212.1151580810547,388.3482666015625,634.1712646484375,103.3877944946289,271.8500061035156,440.3599853515625,118.25688934326172,80.6153793334961,297.93780517578125,50.577816009521484,987.2623291015625,146.948486328125,180.82192993164062,230.15489196777344,25.759366989135742,224.3000030517578,908.2451171875,102.83047485351562
2026-05-28,312.24072265625,426.18768310546875,213.76138305664062,389.64666748046875,634.2012329101562,102.94122314453125,274.0,442.1000061035156,118.61603546142578,79.4202651977539,295.3992614746094,50.251190185546875,999.0524291992188,146.01454162597656,181.4464874267578,229.66729736328125,25.690570831298828,228.77999877929688,886.0263061523438,104.99594116210938
2026-05-29,311.7911071777344,449.3940124511719,210.6584930419922,379.8687744140625,631.426025390625,101.05567169189453,270.6400146484375,435.7900085449219,115.47355651855469,78.0374984741211,297.9676818847656,51.07270431518555,1016.0836181640625,144.32546997070312,180.8814239501953,224.22413635253906,25.729883193969727,231.14999389648438,874.2481689453125,105.01563262939453
2026-06-01,306.0460510253906,459.6546936035156,223.8483428955078,375.9037170410156,599.44091796875,102.06790924072266,261.260009765625,415.8800048828125,114.32630157470703,77.67205810546875,295.2499084472656,50.98362731933594,1043.469482421875,148.41897583007812,184.22225952148438,222.41307067871094,25.18933868408203,224.3000030517578,863.7576293945312,107.3090591430664
2026-06-02,314.92840576171875,440.48077392578125,222.3118438720703,361.4017028808594,596.6058349609375,100.63886260986328,256.5199890136719,423.739990234375,112.78997802734375,77.44488525390625,299.6102600097656,51.9437141418457,1059.3914794921875,148.59780883789062,185.92738342285156,221.79611206054688,25.110713958740234,217.6999969482422,908.1253051757812,107.22047424316406
2026-06-03,309.9926452636719,426.53704833984375,214.26025390625,358.54522705078125,621.9122924804688,98.63421630859375,250.02000427246094,423.70001220703125,116.61083221435547,77.79057312011719,299.50079345703125,51.864532470703125,1035.9462890625,151.5487060546875,188.06869506835938,222.1444091796875,24.904325485229492,210.5800018310547,924.4650268554688,106.96455383300781
2026-06-04,310.9618225097656,427.2456970214844,218.4156036376953,371.7288818359375,626.4945068359375,98.5845947265625,253.7899932861328,418.45001220703125,117.45880126953125,75.87445831298828,309.4957580566406,53.6164436340332,1087.284912109375,151.0618438720703,186.720458984375,227.05020141601562,25.248308181762695,217.4199981689453,938.738525390625,108.490234375
2026-06-05,307.0751647949219,415.8870849609375,204.87075805664062,368.07342529296875,591.9837036132812,98.95178985595703,246.02999877929688,391.0,118.59607696533203,78.50172424316406,310.9691162109375,53.5567512512207,1033.6177978515625,148.9554901123047,185.689453125,231.6276397705078,25.5922908782959,215.4499969482422,902.6055908203125,106.83660125732422
2026-06-08,301.2801818847656,410.9663391113281,208.40679931640625,363.0766296386719,584.3867797851562,98.11817932128906,245.22000122070312,408.95001220703125,119.54381561279297,78.56097412109375,309.7147521972656,53.357765197753906,1039.906982421875,150.77371215820312,187.60276794433594,231.0206298828125,25.17951202392578,215.9199981689453,913.9445190429688,106.00977325439453
2026-06-09,290.29962158203125,402.6520080566406,207.95730590820312,364.0260314941406,583.588134765625,98.57467651367188,244.19000244140625,396.67999267578125,118.59607696533203,80.33881378173828,311.2976379394531,54.14375305175781,1026.980224609375,147.95199584960938,185.1442108154297,235.8368682861328,25.258136749267578,214.50999450683594,913.0062866210938,106.17711639404297
2026-06-10,291.3287353515625,396.61334228515625,200.19598388671875,356.1510925292969,570.00146484375,97.86015319824219,238.0,381.5899963378906,120.30199432373047,82.56111907958984,307.75360107421875,54.263145446777344,996.409912109375,149.65098571777344,188.1579132080078,237.31956481933594,25.15985679626465,209.0,854.5746459960938,101.63946533203125
2026-06-11,295.375244140625,389.6065673828125,204.64100646972656,357.5401611328125,567.455810546875,99.57699584960938,241.50999450683594,399.1499938964844,120.21221160888672,81.51416778564453,312.0840759277344,54.87999725341797,1030.592529296875,145.6568603515625,184.2123565673828,237.16033935546875,25.720056533813477,221.6300048828125,895.9678955078125,106.94486999511719
2026-06-12,290.879150390625,390.00579833984375,204.96066284179688,359.4489440917969,566.00830078125,99.27928161621094,238.5500030517578,406.42999267578125,120.75092315673828,81.60306549072266,319.28167724609375,55.735633850097656,1057.5704345703125,146.064208984375,185.60023498535156,239.6878662109375,25.759366989135742,219.0500030517578,908.8839111328125,106.40350341796875
2026-06-15,296.1645812988281,399.0088806152344,212.21253967285156,369.1127624511719,593.011962890625,100.91673278808594,246.02000427246094,411.1499938964844,120.53144836425781,80.43006896972656,317.96759033203125,55.58639144897461,1070.925048828125,140.01339721679688,178.8392333984375,234.50344848632812,25.552978515625,228.9499969482422,932.20068359375,107.1220474243164
2026-06-16,298.9821472167969,393.0899963378906,207.1781768798828,373.01025390625,599.7366943359375,100.50984954833984,246.0,404.6600036621094,120.7409439086914,79.80380249023438,329.6549377441406,56.55147171020508,1085.3543701171875,140.9473419189453,178.55174255371094,234.02578735351562,25.5922908782959,227.49000549316406,943.7093505859375,108.29336547851562
2026-06-17,295.6949768066406,378.1980285644531,204.42124938964844,363.55633544921875,567.1324462890625,100.0930404663086,237.5,396.3800048828125,117.84786987304688,79.45587921142578,331.9645080566406,56.2430419921875,1093.7830810546875,139.8345489501953,176.04364013671875,233.0506134033203,25.474353790283203,225.6300048828125,954.14990234375,103.48011016845703
2026-06-18,297.7532043457031,378.6871032714844,210.4545135498047,367.7935791015625,576.7647705078125,103.0999984741211,244.38999938964844,400.489990234375,116.90013885498047,78.91908264160156,323.761474609375,55.91471862792969,1091.2156982421875,136.92340087890625,172.1278076171875,227.2691192626953,24.776559829711914,222.72000122070312,983.9945678710938,103.21434783935547
2026-06-22,296.75408935546875,366.6497802734375,208.41677856445312,349.45538330078125,563.4053344726562,101.67095184326172,232.7899932861328,405.04998779296875,116.90013885498047,79.0582504272461,329.993408203125,57.07877731323242,1100.977783203125,137.57916259765625,173.54544067382812,230.15489196777344,24.64879608154297,220.8300018310547,1020.3870849609375,105.55699920654297
2026-06-23,294.04638671875,373.23736572265625,199.81640625,345.90765380859375,561.7566528320312,102.74273681640625,234.11000061035156,381.6099853515625,119.1347885131836,79.8336181640625,332.6414794921875,57.61603927612305,1089.10595703125,138.83103942871094,174.4574737548828,237.9066619873047,24.294984817504883,216.7100067138672,982.41748046875,104.16912841796875
2026-06-24,292.8274230957031,364.7733154296875,198.77757263183594,345.0682067871094,557.230224609375,100.35106658935547,234.27000427246094,375.5299987792969,118.71578979492188,80.12190246582031,331.95458984375,57.43695068359375,1071.6614990234375,136.01925659179688,169.9666748046875,239.81723022460938,23.626678466796875,220.25,992.6085815429688,104.47425842285156
2026-06-25,274.91290283203125,352.1670227050781,195.52122497558594,343.48919677734375,542.44189453125,97.30441284179688,227.00999450683594,375.1199951171875,115.50347900390625,79.9429702758789,333.6170654296875,57.894615173339844,1059.89892578125,136.66506958007812,170.74984741210938,243.67820739746094,23.263038635253906,218.1199951171875,1055.052734375,107.59451293945312
2026-06-26,283.53546142578125,372.2691955566406,192.31480407714844,337.17327880859375,549.8161010742188,98.03878021240234,232.69000244140625,379.7099914550781,115.41370391845703,82.13985443115234,327.57427978515625,57.5861930847168,1014.6406860351562,135.66156005859375,169.58004760742188,253.4102020263672,23.872379302978516,217.25,995.6229858398438,106.44287109375
2026-06-29,281.4972229003906,367.8774719238281,194.7520751953125,353.4228210449219,562.1563110351562,97.87999725341797,240.13999938964844,411.8399963378906,114.32630157470703,82.15974426269531,327.91278076171875,57.5861930847168,1015.23779296875,135.18466186523438,167.012451171875,257.2413024902344,23.951004028320312,214.69000244140625,1031.27685546875,106.3149185180664
2026-06-30,289.11065673828125,372.319091796875,199.86634826660156,357.14044189453125,562.8457641601562,96.25,238.33999633789062,420.6000061035156,112.989501953125,80.78792572021484,325.86199951171875,56.690757751464844,1006.4408569335938,135.8404083251953,164.32589721679688,252.7235870361328,23.66598892211914,216.47000122070312,1062.92822265625,105.81291961669922
2026-07-01,294.1263427734375,383.5579528808594,197.35916137695312,360.97796630859375,612.4266357421875,95.70999908447266,241.6999969482422,425.29998779296875,108.56010437011719,80.80780792236328,332.5718078613281,58.06375503540039,1014.6406860351562,135.4032440185547,164.25650024414062,252.73353576660156,23.46942710876465,218.5800018310547,989.57421875,107.82090759277344
2026-07-02,308.3640441894531,389.7562561035156,194.61224365234375,359.6788024902344,582.4403686523438,99.5,242.6699981689453,393.45001220703125,111.57289123535156,83.64089965820312,332.9700012207031,58.43187713623047,1016.02392578125,136.20802307128906,167.7361297607422,261.74908447265625,23.90186309814453,226.49000549316406,961.7459106445312,108.92333221435547
2026-07-06,312.3905944824219,386.0133056640625,195.33143615722656,366.2245788574219,599.8165893554688,97.41000366210938,244.16000366210938,419.7699890136719,110.38573455810547,82.46790313720703,337.7200012207031,59.59593963623047,1050.1468505859375,135.5622100830078,166.64566040039062,258.0572509765625,23.312177658081055,234.5399932861328,968.1240234375,108.29336547851562
2026-07-07,310.3923034667969,388.109375,196.7098846435547,366.7942199707031,615.0946044921875,97.4800033569336,245.97999572753906,402.8999938964844,111.27361297607422,83.55143737792969,339.2200012207031,59.5561408996582,1037.896728515625,140.7784423828125,172.5045166015625,265.9284362792969,23.656160354614258,231.67999267578125,938.3792114257812,110.20292663574219
2026-07-08,313.1199645996094,382.6197204589844,203.891845703125,361.6875305175781,602.6444091796875,96.69999694824219,243.6199951171875,394.05999755859375,112.82987976074219,82.9052963256836,330.6199951171875,58.004058837890625,1024.621826171875,140.2220458984375,174.44757080078125,262.1072998046875,23.636505126953125,224.9499969482422,946.324462890625,108.21463012695312
2026-07-09,315.947509765625,383.6377868652344,202.5533447265625,358.65948486328125,630.9819946289062,96.16999816894531,247.0399932861328,406.54998779296875,111.94200897216797,82.13985443115234,335.4700012207031,58.94923782348633,1050.823486328125,136.57565307617188,172.54417419433594,257.8283996582031,23.833066940307617,223.11000061035156,936.6524047851562,109.00206756591797
2026-07-10,315.0483093261719,384.37640380859375,210.72421264648438,356.9505615234375,668.6823120117188,95.62000274658203,245.33999633789062,407.760009765625,113.62797546386719,82.99475860595703,336.4700012207031,59.367103576660156,1050.037353515625,137.9865264892578,174.87384033203125,255.7188262939453,23.75444221496582,222.27999877929688,950.6464233398438,110.70491790771484
2026-07-13,317.03656005859375,390.2553405761719,203.30250549316406,352.2835693359375,656.2120971679688,96.0,247.30999755859375,394.760009765625,114.50586700439453,83.75025177001953,334.5299987792969,59.197967529296875,1040.8125,143.58029174804688,180.6236572265625,256.5049133300781,24.059110641479492,215.50999450683594,929.7451782226562,111.11833190917969
2026-07-14,314.58868408203125,384.20672607421875,211.5632781982422,359.2790832519531,660.5186767578125,95.87000274658203,247.49000549316406,396.17999267578125,113.4284439086914,82.58719635009766,342.8900146484375,60.31228256225586,1134.4439697265625,144.15655517578125,180.18746948242188,252.60418701171875,23.833066940307617,217.11000061035156,931.6117553710938,111.8860855102539
2026-07-15,327.2178039550781,394.8866271972656,212.26248168945312,370.6817626953125,680.7727661132812,97.1500015258789,254.9600067138672,394.4599914550781,112.26124572753906,81.96092224121094,346.9100036621094,61.27735900878906,1146.455078125,143.58029174804688,180.02886962890625,245.8076934814453,24.393266677856445,218.1199951171875,912.6069946289062,111.16754913330078
2026-07-16,332.97283935546875,400.3463439941406,207.16818237304688,354.2322998046875,664.0159301757812,99.70999908447266,249.88999938964844,391.05999755859375,114.67546081542969,84.41627502441406,343.1499938964844,61.1778678894043,1090.1209716796875,145.0110321044922,182.26930236816406,248.7432098388672,24.707763671875,214.33999633789062,875.5457763671875,115.34100341796875
2026-07-17,333.452392578125,393.08001708984375,202.58331298828125,346.5472412109375,645.5006103515625,97.66999816894531,247.22999572753906,380.8399963378906,113.96715545654297,81.07620239257812,341.1000061035156,60.958984375,1060.0283203125,146.41195678710938,185.75885009765625,251.7981414794922,24.61931037902832,214.02999877929688,878.6500244140625,115.87252807617188
2026-07-20,326.3085632324219,401.53411865234375,203.05279541015625,351.7638854980469,645.3406982421875,96.41000366210938,249.99000549316406,369.57000732421875,111.9320297241211,81.63288879394531,338.8699951171875,60.11329650878906,1049.8880615234375,147.40553283691406,188.06869506835938,247.59886169433594,24.32447052001953,209.47999572753906,864.2999877929688,111.37425231933594
2026-07-21,327.45758056640625,397.00262451171875,207.0583038330078,346.927001953125,643.3023071289062,96.13999938964844,247.5500030517578,378.92999267578125,110.12635803222656,81.48377990722656,345.2300109863281,60.909236907958984,1080.269287109375,150.73397827148438,189.41693115234375,249.3800811767578,24.51120376586914,204.8000030517578,889.969970703125,114.5141830444336
2026-07-22,325.60919189453125,389.6065673828125,211.82298278808594,341.8702392578125,626.6754150390625,95.87000274658203,244.85000610351562,374.010009765625,109.06888580322266,81.71240997314453,348.2099914550781,61.30720520019531,1092.84765625,153.4563446044922,191.31039428710938,254.3754425048828,24.393266677856445,208.64999389648438,889.3099975585938,114.02202606201172
2026-07-23,321.3828430175781,380.8630065917969,208.5266571044922,317.4859313964844,605.6220092773438,92.83000183105469,233.66000366210938,319.69000244140625,108.14111328125,80.68852233886719,349.8999938964844,60.968929290771484,1069.4820556640625,155.88064575195312,192.73794555664062,257.99755859375,24.579999923706055,209.22999572753906,894.5399780273438,112.30934143066406
2026-07-24,332.7330322265625,380.9828186035156,206.6088104248047,319.53460693359375,594.7206420898438,94.8499984741211,232.11000061035156,313.0299987792969,109.20855712890625,81.76211547851562,353.2099914550781,61.735023498535156,1056.057861328125,155.93032836914062,193.104736328125,262.1072998046875,24.540000915527344,209.52000427246094,888.72998046875,112.98851013183594
2026-07-27,336.61968994140625,388.368896484375,196.2903594970703,326.3502197265625,593.4016723632812,96.6500015258789,231.38999938964844,309.2200012207031,111.47312927246094,83.57131958007812,356.20001220703125,61.81461715698242,1043.1212158203125,153.7742919921875,188.35618591308594,264.6448059082031,24.670000076293945,211.5,873.280029296875,111.17738342285156
2026-07-28,339.78692626953125,392.61090087890625,196.789794921875,333.4956359863281,592.9420166015625,98.88999938964844,230.86000061035156,307.44000244140625,112.82987976074219,87.74639892578125,357.30999755859375,62.302127838134766,1028.3037109375,152.055419921875,185.95712280273438,265.42095947265625,25.25,221.55999755859375,840.8499755859375,103.87383270263672
2026-07-29,337.8985900878906,389.8061828613281,189.79762268066406,336.49371337890625,585.148193359375,98.4800033569336,226.64999389648438,298.32000732421875,113.94721221923828,88.55160522460938,344.7099914550781,60.7599983215332,975.9700927734375,155.74154663085938,190.20008850097656,264.2268371582031,25.149999618530273,214.00999450683594,782.7100219726562,102.91905212402344
2026-07-30,333.1426696777344,450.2524108886719,194.82199096679688,333.4456787109375,538.60498046875,96.16000366210938,235.5,308.8500061035156,110.83465576171875,87.96509552001953,350.8500061035156,61.416648864746094,1019.8650512695312,155.96014404296875,190.6461944580078,254.56451416015625,24.90999984741211,220.89999389648438,809.1400146484375,103.61791229248047
2026-07-31,308.6438293457031,463.8468017578125,200.52561950683594,355.9012451171875,556.27099609375,96.19000244140625,271.5799865722656,311.2099914550781,110.93441772460938,87.0704345703125,351.7900085449219,61.63553237915039,1013.4166870117188,154.4399871826172,195.12709045410156,255.09190368652344,25.010000228881836,216.13999938964844,814.8099975585938,102.58439636230469
2026-08-03,303.1585693359375,486.73370361328125,206.40904235839844,373.27008056640625,589.7745361328125,98.13999938964844,284.0199890136719,322.0799865722656,110.44558715820312,86.34477233886719,352.6400146484375,62.162841796875,1022.054443359375,154.0624237060547,191.5086669921875,253.1614227294922,25.030000686645508,233.49000549316406,830.030029296875,105.19281005859375
2026-08-04,309.1134033203125,491.884033203125,211.70310974121094,377.40740966796875,587.4763793945312,98.18000030517578,277.4200134277344,327.3500061035156,111.28358459472656,86.04654693603516,357.5199890136719,62.580711364746094,1047.8480224609375,152.96951293945312,188.75271606445312,253.67886352539062,25.40999984741211,237.16000366210938,876.5399780273438,107.39765167236328
2026-08-05,310.7320251464844,486.5440673828125,218.9749755859375,362.1971740722656,588.3057250976562,101.76000213623047,272.6499938964844,321.54998779296875,112.07169342041016,86.31494903564453,359.239990234375,62.928932189941406,1055.2119140625,150.6544952392578,184.7972412109375,256.3258056640625,25.809999465942383,240.19000244140625,871.0800170898438,106.00977325439453
2026-08-06,312.14080810546875,498.9207458496094,218.7452392578125,357.52020263671875,589.4348754882812,104.68000030517578,272.260009765625,319.5299987792969,111.8023452758789,86.33482360839844,356.29998779296875,62.68020248413086,1027.54736328125,153.84384155273438,187.59283447265625,255.7188262939453,26.200000762939453,232.19000244140625,856.9600219726562,101.58039855957031
2026-08-07,313.05999755859375,499.0505065917969,223.70968627929688,354.0723876953125,591.633056640625,104.91000366210938,274.4800109863281,328.5799865722656,111.58287048339844,86.53364562988281,357.5199890136719,62.849334716796875,1034.543212890625,152.055419921875,184.94593811035156,257.96771240234375,26.760000228881836,234.4199981689453,842.1900024414062,102.86000061035156
2026-08-10,308.260009765625,505.109130859375,217.3068389892578,357.29034423828125,594.4508666992188,103.18000030517578,278.0899963378906,330.8800048828125,112.39093780517578,86.3547134399414,359.7900085449219,63.53583526611328,1029.468017578125,158.76199340820312,193.2237091064453,260.5251159667969,27.049999237060547,232.7899932861328,837.5800170898438,103.07654571533203
2026-08-11,304.9100036621094,502.86334228515625,217.25689697265625,343.5791320800781,598.6475219726562,103.52999877929688,272.2699890136719,332.80999755859375,112.989501953125,85.96702575683594,362.0400085449219,63.67512512207031,1029.3685302734375,158.7719268798828,194.9585723876953,258.52496337890625,26.6200008392334,233.24000549316406,843.3699951171875,102.79109954833984
2026-08-12,302.25,491.5047302246094,223.8395233154297,343.3193359375,578.3934936523438,103.22000122070312,267.2799987792969,327.510009765625,115.7329330444336,86.1956558227539,365.17999267578125,64.48101043701172,1032.1549072265625,158.7222442626953,194.8990936279297,259.5797424316406,26.309999465942383,231.1999969482422,855.5999755859375,102.27925872802734
2026-08-13,305.260009765625,495.9463806152344,225.04818725585938,346.13751220703125,594.5007934570312,104.80000305175781,265.1300048828125,339.9599914550781,115.4436264038086,86.90144348144531,363.1099853515625,63.76466369628906,1037.5484619140625,157.58958435058594,195.98956298828125,260.79376220703125,26.799999237060547,230.3300018310547,854.5999755859375,103.88368225097656
2026-08-14,305.92999267578125,494.4691467285156,224.90834045410156,345.67779541015625,589.3848266601562,106.8499984741211,262.6499938964844,342.2699890136719,114.99469757080078,87.18972778320312,362.8399963378906,64.16263580322266,1034.3541259765625,159.07000732421875,198.26966857910156,259.072265625,26.790000915527344,231.6699981689453,856.5700073242188,102.86000061035156
2026-08-17,305.5899963378906,479.44744873046875,224.7584991455078,343.7790222167969,568.5213012695312,103.5,261.30999755859375,339.29998779296875,114.05694580078125,86.46405792236328,360.9599914550781,63.56568145751953,1046.186279296875,161.4600067138672,200.94630432128906,261.0823669433594,26.8700008392334,225.9499969482422,881.6500244140625,102.0199966430664
2026-08-18,310.0299987792969,480.72503662109375,219.49440002441406,343.9789123535156,543.2412719726562,103.94999694824219,259.45001220703125,336.8699951171875,114.92486572265625,88.29314422607422,363.25,63.903961181640625,1035.39892578125,165.55999755859375,203.9600067138672,269.7794494628906,27.25,223.05999755859375,840.8699951171875,101.93000030517578
2026-08-19,316.8299865722656,483.3999938964844,217.31683349609375,344.4985656738281,545.5994262695312,106.93000030517578,265.8399963378906,351.1199951171875,114.02702331542969,89.8140640258789,357.260009765625,62.849334716796875,1016.6707763671875,164.77000427246094,205.75999450683594,272.06817626953125,28.239999771118164,222.1999969482422,816.1500244140625,102.86000061035156
2026-08-20,311.29998779296875,481.1499938964844,216.60763549804688,340.451171875,545.3995971679688,107.31999969482422,260.1099853515625,345.1300048828125,103.59199523925781,89.96318054199219,351.54998779296875,61.545989990234375,997.0667724609375,166.14999389648438,205.77000427246094,266.0578308105469,27.790000915527344,215.10000610351562,815.3900146484375,102.58000183105469
2026-08-21,309.3500061035156,483.239990234375,214.48001098632812,344.5985107421875,549.4663696289062,107.77999877929688,258.6300048828125,362.8599853515625,103.69999694824219,90.55961608886719,351.5799865722656,61.37685012817383,1034.21484375,165.11000061035156,205.27000427246094,268.9137268066406,28.06999969482422,214.1999969482422,827.9000244140625,102.01000213623047
2026-08-24,310.3399963378906,487.30999755859375,208.24697875976562,347.83642578125,558.5792236328125,110.61000061035156,262.07000732421875,348.95001220703125,106.48999786376953,91.4443359375,356.3900146484375,62.01360321044922,1031.2294921875,164.0500030517578,203.08999633789062,271.70001220703125,27.969999313354492,210.4600067138672,811.02001953125,102.72000122070312
2026-08-25,309.8999938964844,491.7099914550781,212.81187438964844,346.73712158203125,569.6004638671875,111.25,261.05999755859375,350.25,105.37999725341797,91.0964126586914,356.69000244140625,62.113094329833984,1053.71923828125,160.63999938964844,199.88999938964844,273.1400146484375,28.56999969482422,211.0800018310547,811.2899780273438,105.13999938964844
2026-08-26,313.45001220703125,496.3699951171875,209.4256591796875,341.7803039550781,575.6856689453125,109.62999725341797,260.2799987792969,345.82000732421875,104.33999633789062,89.54566955566406,356.5,61.91410827636719,1035.3890380859375,158.19000244140625,200.2100067138672,270.0,28.299999237060547,212.08999633789062,821.9299926757812,105.6500015258789
2026-08-27,314.5799865722656,505.05999755859375,227.7251739501953,340.4311828613281,570.6495971679688,106.81999969482422,256.260009765625,354.80999755859375,102.62999725341797,88.5317153930664,354.2200012207031,60.85948944091797,1035.7969970703125,156.44000244140625,199.77000427246094,265.7699890136719,28.020000457763672,209.88999938964844,817.0,105.68000030517578
2026-08-28,319.70001220703125,513.530029296875,217.3068389892578,346.36737060546875,577.564208984375,108.0999984741211,266.42999267578125,348.75,103.08999633789062,89.12816619873047,357.6199951171875,62.00365447998047,1028.9505615234375,156.7100067138672,201.86000061035156,268.0400085449219,27.959999084472656,209.82000732421875,800.25,105.33000183105469
2026-08-31,316.8500061035156,507.2900085449219,220.53323364257812,339.13201904296875,571.888671875,107.55000305175781,259.7699890136719,367.95001220703125,104.87000274658203,88.14402770996094,356.0199890136719,61.625579833984375,1020.9000244140625,160.9499969482422,206.13999938964844,265.8500061035156,28.459999084472656,207.77999877929688,797.469970703125,104.2300033569336
2026-09-01,325.1300048828125,501.0199890136719,217.1969757080078,334.8047790527344,578.083740234375,106.22000122070312,254.9199981689453,356.0899963378906,105.91999816894531,87.4780044555664,354.95001220703125,61.675331115722656,1002.5599975585938,164.5500030517578,211.0500030517578,271.19000244140625,28.549999237060547,205.66000366210938,779.1599731445312,102.66000366210938
2026-09-02,324.9599914550781,496.82000732421875,224.1591796875,336.9034423828125,592.3824462890625,107.9800033569336,254.97999572753906,357.010009765625,106.08999633789062,87.71658325195312,356.2200012207031,62.282230377197266,1004.4199829101562,164.14999389648438,211.77999877929688,275.2099914550781,29.020000457763672,208.8699951171875,792.280029296875,103.01000213623047
2026-09-03,328.2099914550781,510.1199951171875,228.1946563720703,342.260009765625,610.1984252929688,107.16000366210938,258.8999938964844,376.3699951171875,108.41999816894531,88.283203125,362.05999755859375,62.71999740600586,1037.9300537109375,162.2100067138672,211.32000732421875,278.42999267578125,28.809999465942383,210.50999450683594,800.1400146484375,103.5
2026-09-04,319.9700012207031,499.70001220703125,230.10252380371094,338.4599914550781,616.2836303710938,105.30999755859375,258.510009765625,354.0799865722656,107.13999938964844,87.54759216308594,358.6400146484375,62.68000030517578,1038.6099853515625,159.47000122070312,208.60000610351562,275.2300109863281,28.450000762939453,212.25,813.9400024414062,102.29000091552734
2026-09-08,316.2200012207031,493.95001220703125,225.47769165039062,338.3599853515625,612.9962158203125,105.05999755859375,256.9700012207031,368.1600036621094,106.05000305175781,87.83586883544922,353.510009765625,62.38999938964844,1036.530029296875,160.66000366210938,209.8000030517578,269.1199951171875,27.790000915527344,210.72999572753906,822.47998046875,100.4800033569336
2026-09-09,315.3399963378906,491.6499938964844,223.4199981689453,330.6499938964844,653.1744995117188,104.18000030517578,252.39999389648438,367.80999755859375,105.83000183105469,87.03067779541016,354.7099914550781,62.66999816894531,1028.780029296875,164.22999572753906,213.80999755859375,267.0799865722656,27.780000686645508,206.4199981689453,815.5599975585938,99.22000122070312
2026-09-10,326.57000732421875,492.44000244140625,218.36000061035156,332.6000061035156,643.8718872070312,105.81999969482422,251.88999938964844,363.55999755859375,105.7300033569336,87.30902099609375,353.55999755859375,62.560001373291016,1019.77001953125,165.22999572753906,212.75999450683594,266.3500061035156,27.649999618530273,204.8000030517578,805.0,99.97000122070312
2026-09-11,332.2699890136719,495.6300048828125,218.2899932861328,338.5,647.51904296875,106.55000305175781,256.7799987792969,365.44000244140625,107.1500015258789,87.76628875732422,356.2300109863281,62.689998626708984,1029.1800537109375,165.99000549316406,214.05999755859375,265.5799865722656,27.719999313354492,210.4499969482422,818.5700073242188,100.27999877929688
2026-09-14,333.0799865722656,505.4100036621094,210.9600067138672,349.3900146484375,665.0751342773438,108.58999633789062,253.5399932861328,358.9700012207031,109.08000183105469,88.81999969482422,350.1300048828125,59.470001220703125,988.4500122070312,165.0800018310547,212.1699981689453,266.32000732421875,27.719999313354492,210.27000427246094,784.0,102.45999908447266
2026-09-15,331.3399963378906,497.1199951171875,212.1699981689453,344.9800109863281,669.7114868164062,106.41999816894531,248.4199981689453,356.5799865722656,108.08999633789062,88.70999908447266,352.489990234375,59.52000045776367,976.6699829101562,169.32000732421875,217.77000427246094,267.20001220703125,27.549999237060547,209.69000244140625,783.5399780273438,102.3499984741211
2026-09-16,332.4100036621094,490.29998779296875,213.89999389648438,342.8699951171875,672.779052734375,106.98999786376953,245.9600067138672,358.0799865722656,107.5,87.87000274658203,348.9200134277344,57.900001525878906,937.97998046875,163.32000732421875,211.5399932861328,267.2799987792969,27.459999084472656,201.9600067138672,782.719970703125,98.7699966430664
2026-09-17,337.0,497.75,219.33999633789062,347.3299865722656,681.77197265625,105.3499984741211,251.19000244140625,366.20001220703125,106.79000091552734,88.05999755859375,349.30999755859375,58.18000030517578,951.469970703125,163.27000427246094,211.57000732421875,270.2200012207031,27.639999389648438,197.0,798.5700073242188,100.16999816894531
2026-09-18,336.1300048828125,493.7799987792969,222.27000427246094,349.5400085449219,665.2250366210938,102.66999816894531,253.7100067138672,364.2699890136719,106.7300033569336,88.25,349.6700134277344,57.72999954223633,942.0,163.5399932861328,209.50999450683594,269.989990234375,27.65999984741211,198.1999969482422,808.989990234375,99.05999755859375
2026-09-21,338.9800109863281,501.6099853515625,227.3800048828125,354.9700012207031,741.25,104.2300033569336,258.45001220703125,375.29998779296875,107.44000244140625,87.12000274658203,352.0400085449219,57.959999084472656,959.3900146484375,158.3000030517578,203.6699981689453,269.4700012207031,27.739999771118164,201.14999389648438,816.5,94.75
2026-09-22,339.75,498.0,228.8699951171875,351.1600036621094,736.5999755859375,103.81999969482422,254.97999572753906,378.8999938964844,110.12000274658203,88.61000061035156,340.0,56.20000076293945,949.489990234375,158.7100067138672,202.41000366210938,269.19000244140625,27.93000030517578,197.72000122070312,808.010009765625,95.87000274658203
2026-09-23,337.0199890136719,500.5899963378906,225.50999450683594,337.8299865722656,744.0999755859375,103.45999908447266,249.27000427246094,380.1199951171875,110.52999877929688,88.08999633789062,337.5299987792969,56.0,936.3599853515625,161.22999572753906,205.50999450683594,269.1700134277344,28.18000030517578,199.92999267578125,812.02001953125,95.81999969482422
2026-09-24,335.9200134277344,497.92999267578125,224.5800018310547,342.3599853515625,777.5900268554688,105.55999755859375,249.3800048828125,377.94000244140625,107.58999633789062,88.0999984741211,338.55999755859375,56.029998779296875,923.2899780273438,162.13999938964844,205.64999389648438,270.67999267578125,28.40999984741211,196.8000030517578,805.25,92.05000305175781
2026-09-25,341.07000732421875,516.1699829101562,225.07000732421875,343.9200134277344,751.6599731445312,106.1500015258789,249.6699981689453,372.1099853515625,107.9800033569336,87.80999755859375,343.05999755859375,56.70000076293945,935.4500122070312,160.58999633789062,204.4499969482422,271.2200012207031,28.670000076293945,198.07000732421875,821.5800170898438,93.95999908447266
2026-09-28,338.3999938964844,509.2200012207031,228.86000061035156,342.75,715.6199951171875,105.58999633789062,246.14999389648438,357.45001220703125,108.7300033569336,87.18000030517578,336.5899963378906,55.470001220703125,916.280029296875,162.52000427246094,206.3699951171875,271.95001220703125,28.719999313354492,184.38999938964844,819.9500122070312,94.25
2026-09-29,329.3999938964844,508.9599914550781,227.2100067138672,340.9200134277344,738.7899780273438,105.41000366210938,246.6699981689453,352.8399963378906,106.80000305175781,86.83999633789062,334.9800109863281,54.959999084472656,916.239990234375,161.35000610351562,204.3800048828125,267.57000732421875,28.719999313354492,187.67999267578125,826.6400146484375,93.93000030517578
2026-09-30,333.0199890136719,512.9000244140625,228.3800048828125,344.0799865722656,725.1799926757812,104.9000015258789,249.14999389648438,354.80999755859375,103.91999816894531,86.08000183105469,330.8299865722656,54.43000030517578,900.3599853515625,162.75,204.2100067138672,264.739990234375,28.520000457763672,186.0500030517578,810.7899780273438,93.44000244140625
2026-10-01,330.32000732421875,512.7999877929688,230.86000061035156,338.239990234375,725.9299926757812,101.33000183105469,248.22999572753906,354.1099853515625,104.26000213623047,86.0999984741211,333.17999267578125,53.72999954223633,896.6699829101562,163.82000732421875,207.10000610351562,258.6600036621094,28.1200008392334,192.27999877929688,826.3499755859375,93.88999938964844
2026-10-02,333.69000244140625,517.530029296875,233.9499969482422,343.5,728.0800170898438,102.19000244140625,251.52000427246094,370.5899963378906,104.26000213623047,85.6500015258789,332.3800048828125,53.75,902.5599975585938,164.00999450683594,206.69000244140625,256.0299987792969,27.799999237060547,193.55999755859375,845.4199829101562,93.0199966430664
